Workbook

Sheet Sheet1
C1: WT 24 hours | K1: Set 1 24h | S1: Set 2 24h | AB1: Set 4 24h | AK1: Set5 24 hours | AT1: GFP 24h
C2: Target | D2: Cq | E2: Avg Cq | F2: ∆Cq | G2: Avg ∆Cq | H2: ∆∆Cq | I2: 2-∆∆Cq | K2: Sample | L2: Target | M2: Cq | N2: Avg Cq | O2: ∆Cq | P2: ∆∆Cq | Q2: 2-∆∆Cq | S2: Well Position | T2: Sample | U2: Target | V2: Cq | W2: Avg Cq | X2: ∆Cq | Y2: ∆∆Cq | Z2: 2-∆∆Cq | AB2: Well Position | AC2: Sample | AD2: Target | AE2: Cq | AF2: Avg Cq | AG2: ∆Cq | AH2: ∆∆Cq | AI2: 2-∆∆Cq | AK2: Well Position | AL2: Sample | AM2: Target | AN2: Cq | AO2: Avg Cq | AP2: ∆Cq | AQ2: ∆∆Cq | AR2: 2-∆∆Cq | AT2: Well Position | AU2: Sample | AV2: Target | AW2: Cq | AX2: Avg Cq | AY2: ∆Cq | AZ2: ∆∆Cq | BA2: 2-∆∆Cq
A3: Housekeeping Gene | B3: =C3 -> GAPDH | C3: GAPDH | D3: 20.427816 | E3: =AVERAGE(D3:D5) -> 20.471573 | F3: N/A | K3: Set 1 24h | L3: GAPDH | M3: 19.593802 | N3: 19.521473 | T3: Set 2 24h | U3: GAPDH | V3: 17.46995 | W3: 17.5296 | AC3: Set 4 24h | AD3: GAPDH | AE3: 20.722142 | AF3: 20.368307 | AL3: Set 5 24h | AM3: GAPDH | AN3: 20.722142 | AO3: 20.368307 | AU3: GFP 24h | AV3: GAPDH | AX3: 17.892146
C4: GAPDH | K4: Set 1 24h | L4: GAPDH | M4: 19.382193 | T4: Set 2 24h | U4: GAPDH | V4: 17.578786 | AC4: Set 4 24h | AD4: GAPDH | AE4: 19.967785 | AL4: Set 5 24h | AM4: GAPDH | AN4: 19.967785 | AU4: GFP 24h | AV4: GAPDH | AW4: 17.845502
C5: GAPDH | D5: 20.51533 | K5: Set 1 24h | L5: GAPDH | M5: 19.588425 | T5: Set 2 24h | U5: GAPDH | V5: 17.540063 | AC5: Set 4 24h | AD5: GAPDH | AE5: 20.414992 | AL5: Set 5 24h | AM5: GAPDH | AN5: 20.414992 | AU5: GFP 24h | AV5: GAPDH | AW5: 17.93879
C6: GAPDH | E6: =AVERAGE(D6:D8) -> 20.663111 | K6: Set 1 24h | L6: GAPDH | M6: 17.611369 | N6: 17.648709 | T6: Set 2 24h | U6: GAPDH | V6: 17.707659 | W6: 17.858728 | AC6: Set 4 24h | AD6: GAPDH | AE6: 20.630732 | AF6: 20.320845 | AL6: Set 5 24h | AM6: GAPDH | AN6: 20.630732 | AO6: 20.320845 | AU6: GFP 24h | AV6: GAPDH | AW6: 18.315127 | AX6: 18.462492
C7: GAPDH | D7: 20.71529 | K7: Set 1 24h | L7: GAPDH | M7: 17.628815 | T7: Set 2 24h | U7: GAPDH | V7: 17.8579 | AC7: Set 4 24h | AD7: GAPDH | AE7: 20.256084 | AL7: Set 5 24h | AM7: GAPDH | AN7: 20.256084 | AU7: GFP 24h | AV7: GAPDH | AW7: 18.536358
C8: GAPDH | D8: 20.610931 | K8: Set 1 24h | L8: GAPDH | M8: 17.705944 | T8: Set 2 24h | U8: GAPDH | V8: 18.010625 | AC8: Set 4 24h | AD8: GAPDH | AE8: 20.075719 | AL8: Set 5 24h | AM8: GAPDH | AN8: 20.075719 | AU8: GFP 24h | AV8: GAPDH | AW8: 18.535992
C9: GAPDH | D9: 20.672207 | E9: =AVERAGE(D9:D11) -> 20.606235 | K9: Set 1 24h | L9: GAPDH | M9: 19.22486 | N9: 19.241817 | T9: Set 2 24h | U9: GAPDH | V9: 19.328557 | W9: 19.263755 | AC9: Set 4 24h | AD9: GAPDH | AE9: 19.142668 | AF9: 19.237758 | AL9: Set 5 24h | AM9: GAPDH | AN9: 19.142668 | AO9: 19.237758 | AU9: GFP 24h | AV9: GAPDH | AW9: 18.483091 | AX9: 18.570622
C10: GAPDH | K10: Set 1 24h | L10: GAPDH | M10: 19.644558 | T10: Set 2 24h | U10: GAPDH | V10: 19.610464 | AC10: Set 4 24h | AD10: GAPDH | AE10: 19.318447 | AL10: Set 5 24h | AM10: GAPDH | AN10: 19.318447 | AU10: GFP 24h | AV10: GAPDH | AW10: 18.980717
C11: GAPDH | D11: 20.540263 | K11: Set 1 24h | L11: GAPDH | M11: 18.856033 | T11: Set 2 24h | U11: GAPDH | V11: 18.852243 | AC11: Set 4 24h | AD11: GAPDH | AE11: 19.252159 | AL11: Set 5 24h | AM11: GAPDH | AN11: 19.252159 | AU11: GFP 24h | AV11: GAPDH | AW11: 18.248058
A12: Gene 1 | B12: =C12 -> nsP3 | C12: nsP3 | E12: =AVERAGE(D12:D14) -> 18.462688 | F12: =E12-E3 -> -2.0088851 | G12: =AVERAGE(F12:F20) -> -1.918063 | H12: =F12-G12 -> -0.090822117 | I12: =2^-(H12) -> 1.0649769 | K12: Set 1 24h | L12: nsP3 | M12: 19.075895 | N12: 18.867162 | O12: -0.65431147 | P12: 1.2637515 | Q12: 0.41645961 | T12: Set 2 24h | U12: nsP3 | V12: 18.231773 | W12: 18.070737 | X12: 0.54113764 | Y12: 2.4592006 | Z12: 0.1818473 | AC12: Set 4 24h | AD12: nsP3 | AE12: 20.782261 | AF12: 20.708842 | AG12: 0.3405353 | AH12: 2.2585983 | AI12: 0.20897492 | AL12: Set 5 24h | AM12: nsP3 | AO12: 18.88954 | AP12: -1.4787667 | AQ12: 0.43929626 | AR12: 0.73749427 | AU12: GFP 24h | AV12: nsP3 | AW12: 17.757053 | AX12: 17.463924 | AY12: -0.42822189 | AZ12: 1.4898411 | BA12: 0.35605176
C13: nsP3 | K13: Set 1 24h | L13: nsP3 | M13: 18.406874 | T13: Set 2 24h | U13: nsP3 | V13: 17.814543 | AC13: Set 4 24h | AD13: nsP3 | AE13: 20.611873 | AL13: Set 5 24h | AM13: nsP3 | AU13: GFP 24h | AV13: nsP3 | AW13: 17.049854
C14: nsP3 | D14: 18.462688 | K14: Set 1 24h | L14: nsP3 | M14: 19.118717 | T14: Set 2 24h | U14: nsP3 | V14: 18.165897 | AC14: Set 4 24h | AD14: nsP3 | AE14: 20.732391 | AL14: Set 5 24h | AM14: nsP3 | AN14: 18.88954 | AU14: GFP 24h | AV14: nsP3 | AW14: 17.584865
C15: nsP3 | D15: 19.064071 | E15: =AVERAGE(D15:D17) -> 18.70445 | F15: =E15-E6 -> -1.9586608 | H15: =F15-G12 -> -0.04059784 | I15: =2^-(H15) -> 1.02854 | K15: Set 1 24h | L15: nsP3 | M15: 18.110747 | N15: 17.858329 | O15: 0.20961933 | P15: 2.1276823 | Q15: 0.22882517 | T15: Set 2 24h | U15: nsP3 | V15: 18.207993 | W15: 17.751046 | X15: -0.10768172 | Y15: 1.8103813 | Z15: 0.28511557 | AC15: Set 4 24h | AD15: nsP3 | AE15: 20.940366 | AF15: 20.798444 | AG15: 0.47759874 | AH15: 2.3956617 | AI15: 0.19003516 | AL15: Set 5 24h | AM15: nsP3 | AO15: 19.140345 | AP15: -1.1805004 | AQ15: 0.73756263 | AR15: 0.59975175 | AU15: GFP 24h | AV15: nsP3 | AW15: 17.027959 | AX15: 17.037905 | AY15: -1.4245872 | AZ15: 0.49347578 | BA15: 0.71031173
C16: nsP3 | D16: 18.513969 | K16: Set 1 24h | L16: nsP3 | M16: 18.264739 | T16: Set 2 24h | U16: nsP3 | V16: 17.825047 | AC16: Set 4 24h | AD16: nsP3 | AE16: 20.643332 | AL16: Set 5 24h | AM16: nsP3 | AU16: GFP 24h | AV16: nsP3 | AW16: 17.047851
C17: nsP3 | D17: 18.53531 | K17: Set 1 24h | L17: nsP3 | M17: 17.1995 | T17: Set 2 24h | U17: nsP3 | V17: 17.220099 | AC17: Set 4 24h | AD17: nsP3 | AE17: 20.811632 | AL17: Set 5 24h | AM17: nsP3 | AN17: 19.140345 | AU17: GFP 24h | AV17: nsP3
C18: nsP3 | E18: =AVERAGE(D18:D20) -> 18.819592 | F18: =E18-E9 -> -1.786643 | H18: =F18-G12 -> 0.13141996 | I18: =2^-(H18) -> 0.91293246 | K18: Set 1 24h | L18: nsP3 | M18: 18.900067 | N18: 19.467777 | O18: 0.22595981 | P18: 2.1440228 | Q18: 0.22624804 | T18: Set 2 24h | U18: nsP3 | V18: 19.470672 | W18: 19.791472 | X18: 0.52771699 | Y18: 2.44578 | Z18: 0.18354682 | AC18: Set 4 24h | AD18: nsP3 | AE18: 19.517558 | AF18: 19.396314 | AG18: 0.15855548 | AH18: 2.0766185 | AI18: 0.23706943 | AL18: Set 5 24h | AM18: nsP3 | AN18: 18.605618 | AO18: 18.605618 | AP18: -0.63214016 | AQ18: 1.2859228 | AR18: 0.41010839 | AU18: GFP 24h | AV18: nsP3 | AW18: 17.210057 | AX18: 17.638862 | AY18: -0.93175957 | AZ18: 0.98630342 | BA18: 0.50476948
C19: nsP3 | D19: 18.819592 | K19: Set 1 24h | L19: nsP3 | M19: 19.699336 | T19: Set 2 24h | U19: nsP3 | V19: 19.98383 | AC19: Set 4 24h | AD19: nsP3 | AE19: 19.22615 | AL19: Set 5 24h | AM19: nsP3 | AU19: GFP 24h | AV19: nsP3 | AW19: 17.842126
C20: nsP3 | K20: Set 1 24h | L20: nsP3 | M20: 19.803927 | T20: Set 2 24h | U20: nsP3 | V20: 19.919913 | AC20: Set 4 24h | AD20: nsP3 | AE20: 19.445232 | AL20: Set 5 24h | AM20: nsP3 | AU20: GFP 24h | AV20: nsP3 | AW20: 17.864404
A21: Gene 2 | B21: =C21 -> GFP | C21: GFP | E21: =AVERAGE(D21:D23) -> 16.943589 | F21: =E21-E3 -> -3.5279845 | G21: =AVERAGE(F21:F29) -> -3.448338 | H21: =F21-G21 -> -0.07964644 | I21: =2^-(H21) -> 1.056759 | K21: Set 1 24h | L21: GFP | M21: 16.6008 | N21: 16.6008 | O21: -2.9206731 | P21: 0.52766497 | Q21: 0.69367656 | T21: Set 2 24h | U21: GFP | V21: 15.922191 | W21: 15.773217 | X21: -1.7563826 | Y21: 1.6919555 | Z21: 0.30950713 | AC21: Set 4 24h | AD21: GFP | AE21: 16.84105 | AF21: 17.183717 | AG21: -3.18459 | AH21: 0.26374803 | AI21: 0.83292123 | AL21: Set 5 24h | AM21: GFP | AO21: 16.070528 | AP21: -4.2977785 | AQ21: -0.84944043 | AR21: 1.8018019 | AU21: GFP 24h | AV21: GFP | AW21: 17.881815 | AX21: 17.753016 | AY21: -0.13912975 | AZ21: 3.3092083 | BA21: 0.10088557
C22: GFP | D22: 16.943589 | K22: Set 1 24h | L22: GFP | T22: Set 2 24h | U22: GFP | V22: 15.811654 | AC22: Set 4 24h | AD22: GFP | AE22: 17.676383 | AL22: Set 5 24h | AM22: GFP | AU22: GFP 24h | AV22: GFP | AW22: 17.882134
C23: GFP | K23: Set 1 24h | L23: GFP | T23: Set 2 24h | U23: GFP | V23: 15.585807 | AC23: Set 4 24h | AD23: GFP | AE23: 17.033716 | AL23: Set 5 24h | AM23: GFP | AN23: 16.070528 | AU23: GFP 24h | AV23: GFP | AW23: 17.495099
C24: GFP | D24: 16.977031 | E24: =AVERAGE(D24:D26) -> 17.116928 | F24: =E24-E6 -> -3.546183 | H24: =F24-G21 -> -0.097844968 | I24: =2^-(H24) -> 1.0701737 | K24: Set 1 24h | L24: GFP | N24: 16.074471 | O24: -1.5742382 | P24: 1.8740999 | Q24: 0.27279708 | T24: Set 2 24h | U24: GFP | V24: 16.128999 | W24: 16.041095 | X24: -1.8176326 | Y24: 1.6307054 | Z24: 0.32293026 | AC24: Set 4 24h | AD24: GFP | AE24: 17.051925 | AF24: 17.080362 | AG24: -3.2404827 | AH24: 0.20785538 | AI24: 0.86582335 | AL24: Set 5 24h | AM24: GFP | AN24: 17.353568 | AO24: 17.353568 | AP24: -2.9672768 | AQ24: 0.48106126 | AR24: 0.7164504 | AU24: GFP 24h | AV24: GFP | AW24: 17.10497 | AX24: 17.155894 | AY24: -1.3065985 | AZ24: 2.1417395 | BA24: 0.22660639
C25: GFP | D25: 17.030316 | K25: Set 1 24h | L25: GFP | T25: Set 2 24h | U25: GFP | V25: 16.086532 | AC25: Set 4 24h | AD25: GFP | AE25: 17.06213 | AL25: Set 5 24h | AM25: GFP | AU25: GFP 24h | AV25: GFP | AW25: 17.341916
C26: GFP | D26: 17.343436 | K26: Set 1 24h | L26: GFP | M26: 16.074471 | T26: Set 2 24h | U26: GFP | V26: 15.907756 | AC26: Set 4 24h | AD26: GFP | AE26: 17.127031 | AL26: Set 5 24h | AM26: GFP | AU26: GFP 24h | AV26: GFP | AW26: 17.020795
C27: GFP | D27: 17.335388 | E27: =AVERAGE(D27:D29) -> 17.335388 | F27: =E27-E9 -> -3.2708466 | H27: =F27-G21 -> 0.17749141 | I27: =2^-(H27) -> 0.8842392 | K27: Set 1 24h | L27: GFP | N27: 17.143927 | O27: -2.0978903 | P27: 1.3504478 | Q27: 0.39217031 | T27: Set 2 24h | U27: GFP | V27: 17.518759 | W27: 17.511464 | X27: -1.7522902 | Y27: 1.6960479 | Z27: 0.30863041 | AC27: Set 4 24h | AD27: GFP | AE27: 16.316158 | AF27: 16.183707 | AG27: -3.0540516 | AH27: 0.3942864 | AI27: 0.76086563 | AL27: Set 5 24h | AM27: GFP | AO27: 16.596312 | AP27: -2.6414462 | AQ27: 0.80689188 | AR27: 0.571612 | AU27: GFP 24h | AV27: GFP | AW27: 17.68024 | AX27: 17.653169 | AY27: -0.91745273 | AZ27: 2.5308853 | BA27: 0.17303247
C28: GFP | K28: Set 1 24h | L28: GFP | M28: 17.143927 | T28: Set 2 24h | U28: GFP | V28: 17.499384 | AC28: Set 4 24h | AD28: GFP | AE28: 16.177653 | AL28: Set 5 24h | AM28: GFP | AU28: GFP 24h | AV28: GFP | AW28: 17.747487
C29: GFP | K29: Set 1 24h | L29: GFP | T29: Set 2 24h | U29: GFP | V29: 17.51625 | AC29: Set 4 24h | AD29: GFP | AE29: 16.057309 | AL29: Set 5 24h | AM29: GFP | AN29: 16.596312 | AU29: GFP 24h | AV29: GFP | AW29: 17.531779
A30: Gene 3 | B30: =C30 -> RIG1 | C30: RIG1 | D30: 23.476037 | E30: =AVERAGE(D30:D32) -> 23.163158 | F30: =E30-E3 -> 2.6915848 | G30: =AVERAGE(F30:F38) -> 2.6314182 | H30: =F30-G30 -> 0.060166585 | I30: =2^-(H30) -> 0.95915336 | K30: Set 1 24h | L30: RIG1 | M30: 24.460534 | N30: 24.687106 | O30: 5.1656323 | P30: 2.5342141 | Q30: 0.17263369 | T30: Set 2 24h | U30: RIG1 | V30: 22.166063 | W30: 22.456962 | X30: 4.9273621 | Y30: 2.2959439 | Z30: 0.20363481 | AC30: Set 4 24h | AD30: RIG1 | AE30: 25.472786 | AF30: 25.678378 | AG30: 5.3100718 | AH30: 2.6786537 | AI30: 0.15618701 | AL30: Set 5 24h | AM30: RIG1 | AO30: 23.872664 | AP30: 3.504357 | AQ30: 0.87293879 | AR30: 0.54603344 | AU30: GFP 24h | AV30: RIG1 | AW30: 18.612327 | AX30: 20.316362 | AY30: 2.4242158 | AZ30: -0.20720242 | BA30: 1.1544474
C31: Rig1 | D31: 22.869573 | K31: Set 1 24h | L31: Rig1 | M31: 24.813533 | T31: Set 2 24h | U31: Rig1 | V31: 22.594613 | AC31: Set 4 24h | AD31: Rig1 | AE31: 25.41077 | AL31: Set 5 24h | AM31: Rig1 | AN31: 23.872664 | AU31: GFP 24h | AV31: Rig1 | AW31: 20.891992
C32: RIG1 | D32: 23.143864 | K32: Set 1 24h | L32: RIG1 | M32: 24.787249 | T32: Set 2 24h | U32: RIG1 | V32: 22.61021 | AC32: Set 4 24h | AD32: RIG1 | AE32: 26.151579 | AL32: Set 5 24h | AM32: RIG1 | AU32: GFP 24h | AV32: RIG1 | AW32: 21.444767
C33: RIG1 | D33: 22.517454 | E33: =AVERAGE(D33:D35) -> 23.159823 | F33: =E33-E6 -> 2.4967126 | H33: =F33-G30 -> -0.13470561 | I33: =2^-(H33) -> 1.0978688 | K33: Set 1 24h | L33: RIG1 | M33: 23.405031 | N33: 23.058127 | O33: 5.409418 | P33: 2.7779998 | Q33: 0.14579369 | T33: Set 2 24h | U33: RIG1 | V33: 23.192043 | W33: 22.837376 | X33: 4.9786479 | Y33: 2.3472297 | Z33: 0.19652303 | AC33: Set 4 24h | AD33: RIG1 | AE33: 25.275397 | AF33: 25.101688 | AG33: 4.7808428 | AH33: 2.1494246 | AI33: 0.22540249 | AL33: Set 5 24h | AM33: RIG1 | AO33: 25.164878 | AP33: 4.8440329 | AQ33: 2.2126147 | AR33: 0.21574294 | AU33: GFP 24h | AV33: RIG1 | AW33: 21.342363 | AX33: 20.844306 | AY33: 2.3818135 | AZ33: -0.24960468 | BA33: 1.1888813
C34: RIG1 | K34: Set 1 24h | L34: RIG1 | M34: 22.860995 | T34: Set 2 24h | U34: RIG1 | V34: 22.731146 | AC34: Set 4 24h | AD34: RIG1 | AE34: 24.948784 | AL34: Set 5 24h | AM34: RIG1 | AN34: 25.164878 | AU34: GFP 24h | AV34: RIG1 | AW34: 20.810301
C35: RIG1 | D35: 23.802193 | K35: Set 1 24h | L35: RIG1 | M35: 22.908355 | T35: Set 2 24h | U35: RIG1 | V35: 22.588939 | AC35: Set 4 24h | AD35: RIG1 | AE35: 25.080881 | AL35: Set 5 24h | AM35: RIG1 | AU35: GFP 24h | AV35: RIG1 | AW35: 20.380253
C36: RIG1 | D36: 23.312192 | E36: =AVERAGE(D36:D38) -> 23.312192 | F36: =E36-E9 -> 2.7059572 | H36: =F36-G30 -> 0.074539027 | I36: =2^-(H36) -> 0.9496455 | K36: Set 1 24h | L36: RIG1 | M36: 23.888905 | N36: 24.327915 | O36: 5.086098 | P36: 2.4546798 | Q36: 0.18241802 | T36: Set 2 24h | U36: RIG1 | V36: 23.489882 | W36: 24.055426 | X36: 4.7916718 | Y36: 2.1602537 | Z36: 0.22371693 | AC36: Set 4 24h | AD36: RIG1 | AE36: 24.107455 | AF36: 24.533775 | AG36: 5.2960172 | AH36: 2.664599 | AI36: 0.157716 | AL36: Set 5 24h | AM36: RIG1 | AO36: 23.900992 | AP36: 4.6632339 | AQ36: 2.0318157 | AR36: 0.2445471 | AU36: GFP 24h | AV36: RIG1 | AW36: 20.902436 | AX36: 21.015581 | AY36: 2.4449598 | AZ36: -0.18645843 | BA36: 1.1379668
C37: RIG1 | K37: Set 1 24h | L37: RIG1 | M37: 24.240997 | T37: Set 2 24h | U37: RIG1 | V37: 23.826281 | AC37: Set 4 24h | AD37: RIG1 | AE37: 24.719999 | AL37: Set 5 24h | AM37: RIG1 | AN37: 23.900992 | AU37: GFP 24h | AV37: RIG1 | AW37: 20.709475
C38: RIG1 | K38: Set 1 24h | L38: RIG1 | M38: 24.853844 | T38: Set 2 24h | U38: RIG1 | V38: 24.850117 | AC38: Set 4 24h | AD38: RIG1 | AE38: 24.773872 | AL38: Set 5 24h | AM38: RIG1 | AU38: GFP 24h | AV38: RIG1 | AW38: 21.434833
A39: Gene 4 | B39: =C39 -> MDA5 | C39: MDA5 | E39: =AVERAGE(D39:D41) -> 25.793674 | F39: =E39-E3 -> 5.3221012 | G39: =AVERAGE(F39:F47) -> 5.2591612 | H39: =F39-G39 -> 0.062940009 | I39: =2^-(H39) -> 0.95731126 | K39: Set 1 24h | L39: MDA5 | M39: 27.465806 | N39: 27.715893 | O39: 8.1944198 | P39: 2.9352586 | Q39: 0.13073718 | T39: Set 2 24h | U39: MDA5 | V39: 24.127261 | W39: 24.638742 | X39: 7.1091418 | Y39: 1.8499806 | Z39: 0.2773961 | AC39: Set 4 24h | AD39: MDA5 | AE39: 29.784446 | AF39: 29.925614 | AG39: 9.5573075 | AH39: 4.2981463 | AI39: 0.050831044 | AL39: Set 5 24h | AM39: MDA5 | AN39: 28.379429 | AO39: 28.858995 | AP39: 8.4906889 | AQ39: 3.2315277 | AR39: 0.10646656 | AU39: GFP 24h | AV39: MDA5 | AW39: 22.486447 | AX39: 22.112681 | AY39: 4.2205352 | AZ39: -1.038626 | BA39: 2.0542703
C40: MDA5 | D40: 25.793674 | K40: Set 1 24h | L40: MDA5 | M40: 27.874627 | T40: Set 2 24h | U40: MDA5 | V40: 24.968374 | AC40: Set 4 24h | AD40: MDA5 | AE40: 29.625948 | AL40: Set 5 24h | AM40: MDA5 | AN40: 28.779788 | AU40: GFP 24h | AV40: MDA5 | AW40: 21.486816
C41: MDA5 | K41: Set 1 24h | L41: MDA5 | M41: 27.807247 | T41: Set 2 24h | U41: MDA5 | V41: 24.82059 | AC41: Set 4 24h | AD41: MDA5 | AE41: 30.366449 | AL41: Set 5 24h | AM41: MDA5 | AN41: 29.417769 | AU41: GFP 24h | AV41: MDA5 | AW41: 22.364781
C42: MDA5 | E42: =AVERAGE(D42:D44) -> 25.60246 | F42: =E42-E6 -> 4.9393488 | H42: =F42-G39 -> -0.31981236 | I42: =2^-(H42) -> 1.2481682 | K42: Set 1 24h | L42: MDA5 | M42: 26.293399 | N42: 25.903503 | O42: 8.2547941 | P42: 2.9956329 | Q42: 0.12537895 | T42: Set 2 24h | U42: MDA5 | V42: 25.123558 | W42: 24.705013 | X42: 6.8462852 | Y42: 1.587124 | Z42: 0.33283429 | AC42: Set 4 24h | AD42: MDA5 | AE42: 30.632737 | AF42: 30.749808 | AG42: 10.428964 | AH42: 5.1698024 | AI42: 0.027780139 | AL42: Set 5 24h | AM42: MDA5 | AN42: 31.043947 | AO42: 30.796155 | AP42: 10.47531 | AQ42: 5.2161487 | AR42: 0.02690189 | AU42: GFP 24h | AV42: MDA5 | AW42: 22.948616 | AX42: 22.683889 | AY42: 4.2213964 | AZ42: -1.0377648 | BA42: 2.0530444
C43: MDA5 | K43: Set 1 24h | L43: MDA5 | M43: 25.425135 | T43: Set 2 24h | U43: MDA5 | V43: 24.375422 | AC43: Set 4 24h | AD43: MDA5 | AE43: 30.83058 | AL43: Set 5 24h | AM43: MDA5 | AN43: 30.672232 | AU43: GFP 24h | AV43: MDA5 | AW43: 22.325371
C44: MDA5 | D44: 25.60246 | K44: Set 1 24h | L44: MDA5 | M44: 25.991976 | T44: Set 2 24h | U44: MDA5 | V44: 24.61606 | AC44: Set 4 24h | AD44: MDA5 | AE44: 30.786108 | AL44: Set 5 24h | AM44: MDA5 | AN44: 30.672285 | AU44: GFP 24h | AV44: MDA5 | AW44: 22.777678
C45: MDA5 | E45: =AVERAGE(D45:D47) -> 26.122268 | F45: =E45-E9 -> 5.5160336 | H45: =F45-G39 -> 0.25687235 | I45: =2^-(H45) -> 0.83690029 | K45: Set 1 24h | L45: MDA5 | M45: 29.206717 | N45: 28.567146 | O45: 9.3253292 | P45: 4.066168 | Q45: 0.059698233 | T45: Set 2 24h | U45: MDA5 | V45: 26.84261 | W45: 26.508434 | X45: 7.2446795 | Y45: 1.9855183 | Z45: 0.25252212 | AC45: Set 4 24h | AD45: MDA5 | AE45: 28.570492 | AF45: 29.42054 | AG45: 10.182782 | AH45: 4.923621 | AI45: 0.032949011 | AL45: Set 5 24h | AM45: MDA5 | AN45: 30.291094 | AO45: 29.719587 | AP45: 10.481829 | AQ45: 5.2226673 | AR45: 0.026780611 | AU45: GFP 24h | AV45: MDA5 | AW45: 22.986042 | AX45: 22.692328 | AY45: 4.1217063 | AZ45: -1.1374549 | BA45: 2.1999259
C46: MDA5 | K46: Set 1 24h | L46: MDA5 | M46: 27.945673 | T46: Set 2 24h | U46: MDA5 | V46: 25.873819 | AC46: Set 4 24h | AD46: MDA5 | AE46: 29.7241 | AL46: Set 5 24h | AM46: MDA5 | AN46: 29.652843 | AU46: GFP 24h | AV46: MDA5
C47: MDA5 | D47: 26.122268 | K47: Set 1 24h | L47: MDA5 | M47: 28.549049 | T47: Set 2 24h | U47: MDA5 | V47: 26.808873 | AC47: Set 4 24h | AD47: MDA5 | AE47: 29.967029 | AL47: Set 5 24h | AM47: MDA5 | AN47: 29.214824 | AU47: GFP 24h | AV47: MDA5 | AW47: 22.398614
A48: Gene 5 | B48: =C48 -> IFIT | C48: IFIT | D48: 25.876802 | E48: =AVERAGE(D48:D50) -> 25.876802 | F48: =E48-E3 -> 5.4052286 | G48: =AVERAGE(F48:F56) -> 5.2154017 | H48: =F48-G48 -> 0.18982682 | I48: =2^-(H48) -> 0.87671095 | K48: Set 1 24h | L48: IFIT | M48: 26.521411 | N48: 26.89985 | O48: 7.3783762 | P48: 2.1629745 | Q48: 0.22329541 | T48: Set 2 24h | U48: IFIT | V48: 23.846903 | W48: 23.720395 | X48: 6.1907956 | Y48: 0.97539389 | Z48: 0.50860097 | AC48: Set 4 24h | AD48: IFIT | AE48: 27.357216 | AF48: 26.7762 | AG48: 6.4078933 | AH48: 1.1924916 | AI48: 0.43754655 | AL48: Set 5 24h | AM48: IFIT | AO48: 26.785991 | AP48: 6.4176844 | AQ48: 1.2022826 | AR48: 0.43458713 | AU48: GFP 24h | AV48: IFIT | AW48: 22.054781 | AX48: 22.054781 | AY48: 4.162635 | AZ48: -1.0527667 | BA48: 2.0745044
C49: IFIT | K49: Set 1 24h | L49: IFIT | M49: 27.166253 | T49: Set 2 24h | U49: IFIT | V49: 23.546907 | AC49: Set 4 24h | AD49: IFIT | AE49: 26.261475 | AL49: Set 5 24h | AM49: IFIT | AU49: GFP 24h | AV49: IFIT
C50: IFIT | K50: Set 1 24h | L50: IFIT | M50: 27.011884 | T50: Set 2 24h | U50: IFIT | V50: 23.767377 | AC50: Set 4 24h | AD50: IFIT | AE50: 26.709908 | AL50: Set 5 24h | AM50: IFIT | AN50: 26.785991 | AU50: GFP 24h | AV50: IFIT
C51: IFIT | E51: =AVERAGE(D51:D53) -> 25.639206 | F51: =E51-E6 -> 4.9760952 | H51: =F51-G48 -> -0.23930649 | I51: =2^-(H51) -> 1.1804251 | K51: Set 1 24h | L51: IFIT | N51: 24.43116 | O51: 6.7824509 | P51: 1.5670492 | Q51: 0.33749799 | T51: Set 2 24h | U51: IFIT | V51: 23.306255 | W51: 23.496814 | X51: 5.6380857 | Y51: 0.42268398 | Z51: 0.74603541 | AC51: Set 4 24h | AD51: IFIT | AE51: 27.076706 | AF51: 27.389081 | AG51: 7.0682358 | AH51: 1.852834 | AI51: 0.27684799 | AL51: Set 5 24h | AM51: IFIT | AN51: 27.851487 | AO51: 27.851487 | AP51: 7.5306419 | AQ51: 2.3152401 | AR51: 0.2009293 | AU51: GFP 24h | AV51: IFIT | AX51: 22.596621 | AY51: 4.1341289 | AZ51: -1.0812728 | BA51: 2.115902
C52: IFIT | K52: Set 1 24h | L52: IFIT | M52: 24.43116 | T52: Set 2 24h | U52: IFIT | V52: 23.911597 | AC52: Set 4 24h | AD52: IFIT | AE52: 26.976094 | AL52: Set 5 24h | AM52: IFIT | AU52: GFP 24h | AV52: IFIT | AW52: 22.983733
C53: IFIT | D53: 25.639206 | K53: Set 1 24h | L53: IFIT | T53: Set 2 24h | U53: IFIT | V53: 23.27259 | AC53: Set 4 24h | AD53: IFIT | AE53: 28.114442 | AL53: Set 5 24h | AM53: IFIT | AU53: GFP 24h | AV53: IFIT | AW53: 22.209509
C54: IFIT | E54: =AVERAGE(D54:D56) -> 25.871116 | F54: =E54-E9 -> 5.2648814 | H54: =F54-G48 -> 0.04947967 | I54: =2^-(H54) -> 0.96628477 | K54: Set 1 24h | L54: IFIT | N54: 26.933038 | O54: 7.6912207 | P54: 2.475819 | Q54: 0.17976462 | T54: Set 2 24h | U54: IFIT | V54: 25.822628 | W54: 25.313697 | X54: 6.0499422 | Y54: 0.83454052 | Z54: 0.56076161 | AC54: Set 4 24h | AD54: IFIT | AE54: 26.747779 | AF54: 26.658442 | AG54: 7.4206834 | AH54: 2.2052817 | AI54: 0.21684233 | AL54: Set 5 24h | AM54: IFIT | AO54: 26.354829 | AP54: 7.1170713 | AQ54: 1.9016695 | AR54: 0.26763347 | AU54: GFP 24h | AV54: IFIT | AX54: 22.88094 | AY54: 4.3103183 | AZ54: -0.90508344 | BA54: 1.8726528
C55: IFIT | D55: 25.871116 | K55: Set 1 24h | L55: IFIT | M55: 26.933038 | T55: Set 2 24h | U55: IFIT | V55: 25.002201 | AC55: Set 4 24h | AD55: IFIT | AE55: 26.358161 | AL55: Set 5 24h | AM55: IFIT | AU55: GFP 24h | AV55: IFIT
C56: IFIT | K56: Set 1 24h | L56: IFIT | T56: Set 2 24h | U56: IFIT | V56: 25.116261 | AC56: Set 4 24h | AD56: IFIT | AE56: 26.869384 | AL56: Set 5 24h | AM56: IFIT | AN56: 26.354829 | AU56: GFP 24h | AV56: IFIT | AW56: 22.88094

Sheet Sheet2

Sheet Calculations_1
E3: WT 24h | Q3: Set 1 24h | AB3: Set 2 24h | AM3: Set 4 24h | AX3: Set 5 24h | BI3: GFP 24h
E4: Well Position | F4: Sample | G4: Target | H4: Cq | Q4: Well Position | R4: Sample | S4: Target | T4: Cq | AB4: Well Position | AC4: Sample | AD4: Target | AE4: Cq | AM4: Well Position | AN4: Sample | AO4: Target | AP4: Cq | AX4: Well Position | AY4: Sample | AZ4: Target | BA4: Cq | BI4: Well Position | BJ4: Sample | BK4: Target | BL4: Cq
W14: Colours to use: | AH14: Colours to use: | AS14: Colours to use: | BD14: Colours to use:
K15: Colours to use: | X15: GAPDH | Y15: nsP3 | AI15: GAPDH | AJ15: nsP3 | AT15: GAPDH | AU15: nsP3 | BE15: GAPDH | BF15: nsP3
L16: GAPDH | M16: nsP3 | W16: Exported info | AH16: Exported info | AS16: Exported info | BD16: Exported info
K17: Exported info | W17: Exported Alt | AH17: Exported Alt | AS17: Exported Alt | BD17: Exported Alt
K18: Exported Alt | W18: Avg Cq | AH18: Avg Cq | AS18: Avg Cq | BD18: Avg Cq
K19: Avg Cq | W19: ∆Cq | AH19: ∆Cq | AS19: ∆Cq | BD19: ∆Cq
K20: ∆Cq | W20: ∆∆Cq | AH20: ∆∆Cq | AS20: ∆∆Cq | BD20: ∆∆Cq
K21: ∆∆Cq | W21: 2-∆∆Cq | AH21: 2-∆∆Cq | AS21: 2-∆∆Cq | BD21: 2-∆∆Cq
K22: 2-∆∆Cq | X22: GFP | Y22: RIG1 | AI22: GFP | AJ22: RIG1 | AT22: GFP | AU22: RIG1 | BE22: GFP | BF22: RIG1
L23: GFP | M23: RIG1 | W23: Exported info | AH23: Exported info | AS23: Exported info | BD23: Exported info
K24: Exported info | W24: Exported Alt | AH24: Exported Alt | AS24: Exported Alt | BD24: Exported Alt
K25: Exported Alt | W25: Avg Cq | AH25: Avg Cq | AS25: Avg Cq | BD25: Avg Cq
K26: Avg Cq | W26: ∆Cq | AH26: ∆Cq | AS26: ∆Cq | BD26: ∆Cq
K27: ∆Cq | W27: ∆∆Cq | AH27: ∆∆Cq | AS27: ∆∆Cq | BD27: ∆∆Cq
K28: ∆∆Cq | W28: 2-∆∆Cq | AH28: 2-∆∆Cq | AS28: 2-∆∆Cq | BD28: 2-∆∆Cq
K29: 2-∆∆Cq | X29: MDA5 | Y29: IFIT | AI29: MDA5 | AJ29: IFIT | AT29: MDA5 | AU29: IFIT | BE29: MDA5 | BF29: IFIT
L30: MDA5 | M30: IFIT | W30: Exported info | AH30: Exported info | AS30: Exported info | BD30: Exported info
K31: Exported info | W31: Exported Alt | AH31: Exported Alt | AS31: Exported Alt | BD31: Exported Alt
K32: Exported Alt | W32: Avg Cq | AH32: Avg Cq | AS32: Avg Cq | BD32: Avg Cq
K33: Avg Cq | W33: ∆Cq | AH33: ∆Cq | AS33: ∆Cq | BD33: ∆Cq
K34: ∆Cq | W34: ∆∆Cq | AH34: ∆∆Cq | AS34: ∆∆Cq | BD34: ∆∆Cq
K35: ∆∆Cq | W35: 2-∆∆Cq | AH35: 2-∆∆Cq | AS35: 2-∆∆Cq | BD35: 2-∆∆Cq
K36: 2-∆∆Cq | W36: Undetermined | AH36: Undetermined | AS36: Undetermined | BD36: Undetermined
K37: Undetermined
C43: =E3 -> WT 24h | O43: =Q3 -> Set 1 24h | Z43: =AB3 -> Set 2 24h | AK43: =AM3 -> Set 4 24h | AV43: =AX3 -> Set 5 24h | BG43: =BI3 -> GFP 24h
C44: Well Position | D44: Sample | E44: Target | F44: Cq | G44: Avg Cq | H44: ∆Cq | I44: Avg ∆Cq | J44: ∆∆Cq | K44: 2-∆∆Cq | O44: Well Position | P44: Sample | Q44: Target | R44: Cq | S44: Avg Cq | T44: ∆Cq | U44: ∆∆Cq | V44: 2-∆∆Cq | Z44: Well Position | AA44: Sample | AB44: Target | AC44: Cq | AD44: Avg Cq | AE44: ∆Cq | AF44: ∆∆Cq | AG44: 2-∆∆Cq | AK44: Well Position | AL44: Sample | AM44: Target | AN44: Cq | AO44: Avg Cq | AP44: ∆Cq | AQ44: ∆∆Cq | AR44: 2-∆∆Cq | AV44: Well Position | AW44: Sample | AX44: Target | AY44: Cq | AZ44: Avg Cq | BA44: ∆Cq | BB44: ∆∆Cq | BC44: 2-∆∆Cq | BG44: Well Position | BH44: Sample | BI44: Target | BJ44: Cq | BK44: Avg Cq | BL44: ∆Cq | BM44: ∆∆Cq | BN44: 2-∆∆Cq
A45: Housekeeping Gene | B45: =E45 -> GAPDH | D45: =$C$43 -> WT 24h | E45: GAPDH | F45: 20.427816 | G45: =AVERAGE(F45:F47) -> 20.471573 | P45: =$O$43 -> Set 1 24h | Q45: GAPDH | R45: 19.593802 | S45: =AVERAGE(R45:R47) -> 19.521473 | AA45: =$Z$43 -> Set 2 24h | AB45: GAPDH | AC45: 17.46995 | AD45: =AVERAGE(AC45:AC47) -> 17.5296 | AL45: =$AK$43 -> Set 4 24h | AM45: GAPDH | AN45: 20.722142 | AO45: =AVERAGE(AN45:AN47) -> 20.368307 | AW45: =$AV$43 -> Set 5 24h | AX45: GAPDH | AY45: 20.722142 | AZ45: =AVERAGE(AY45:AY47) -> 20.368307 | BH45: =$BG$43 -> GFP 24h | BI45: GAPDH | BK45: =AVERAGE(BJ45:BJ47) -> 17.892146
D46: =$C$43 -> WT 24h | E46: GAPDH | P46: =$O$43 -> Set 1 24h | Q46: GAPDH | R46: 19.382193 | AA46: =$Z$43 -> Set 2 24h | AB46: GAPDH | AC46: 17.578786 | AL46: =$AK$43 -> Set 4 24h | AM46: GAPDH | AN46: 19.967785 | AW46: =$AV$43 -> Set 5 24h | AX46: GAPDH | AY46: 19.967785 | BH46: =$BG$43 -> GFP 24h | BI46: GAPDH | BJ46: 17.845502
D47: =$C$43 -> WT 24h | E47: GAPDH | F47: 20.51533 | P47: =$O$43 -> Set 1 24h | Q47: GAPDH | R47: 19.588425 | AA47: =$Z$43 -> Set 2 24h | AB47: GAPDH | AC47: 17.540063 | AL47: =$AK$43 -> Set 4 24h | AM47: GAPDH | AN47: 20.414992 | AW47: =$AV$43 -> Set 5 24h | AX47: GAPDH | AY47: 20.414992 | BH47: =$BG$43 -> GFP 24h | BI47: GAPDH | BJ47: 17.93879
D48: =$C$43 -> WT 24h | E48: GAPDH | G48: =AVERAGE(F48:F50) -> 20.663111 | P48: =$O$43 -> Set 1 24h | Q48: GAPDH | R48: 17.611369 | S48: =AVERAGE(R48:R50) -> 17.648709 | AA48: =$Z$43 -> Set 2 24h | AB48: GAPDH | AC48: 17.707659 | AD48: =AVERAGE(AC48:AC50) -> 17.858728 | AL48: =$AK$43 -> Set 4 24h | AM48: GAPDH | AN48: 20.630732 | AO48: =AVERAGE(AN48:AN50) -> 20.320845 | AW48: =$AV$43 -> Set 5 24h | AX48: GAPDH | AY48: 20.630732 | AZ48: =AVERAGE(AY48:AY50) -> 20.320845 | BH48: =$BG$43 -> GFP 24h | BI48: GAPDH | BJ48: 18.315127 | BK48: =AVERAGE(BJ48:BJ50) -> 18.462492
D49: =$C$43 -> WT 24h | E49: GAPDH | F49: 20.71529 | P49: =$O$43 -> Set 1 24h | Q49: GAPDH | R49: 17.628815 | AA49: =$Z$43 -> Set 2 24h | AB49: GAPDH | AC49: 17.8579 | AL49: =$AK$43 -> Set 4 24h | AM49: GAPDH | AN49: 20.256084 | AW49: =$AV$43 -> Set 5 24h | AX49: GAPDH | AY49: 20.256084 | BH49: =$BG$43 -> GFP 24h | BI49: GAPDH | BJ49: 18.536358
D50: =$C$43 -> WT 24h | E50: GAPDH | F50: 20.610931 | P50: =$O$43 -> Set 1 24h | Q50: GAPDH | R50: 17.705944 | AA50: =$Z$43 -> Set 2 24h | AB50: GAPDH | AC50: 18.010625 | AL50: =$AK$43 -> Set 4 24h | AM50: GAPDH | AN50: 20.075719 | AW50: =$AV$43 -> Set 5 24h | AX50: GAPDH | AY50: 20.075719 | BH50: =$BG$43 -> GFP 24h | BI50: GAPDH | BJ50: 18.535992
D51: =$C$43 -> WT 24h | E51: GAPDH | F51: 20.672207 | G51: =AVERAGE(F51:F53) -> 20.606235 | P51: =$O$43 -> Set 1 24h | Q51: GAPDH | R51: 19.22486 | S51: =AVERAGE(R51:R53) -> 19.241817 | AA51: =$Z$43 -> Set 2 24h | AB51: GAPDH | AC51: 19.328557 | AD51: =AVERAGE(AC51:AC53) -> 19.263755 | AL51: =$AK$43 -> Set 4 24h | AM51: GAPDH | AN51: 19.142668 | AO51: =AVERAGE(AN51:AN53) -> 19.237758 | AW51: =$AV$43 -> Set 5 24h | AX51: GAPDH | AY51: 19.142668 | AZ51: =AVERAGE(AY51:AY53) -> 19.237758 | BH51: =$BG$43 -> GFP 24h | BI51: GAPDH | BJ51: 18.483091 | BK51: =AVERAGE(BJ51:BJ53) -> 18.570622
D52: =$C$43 -> WT 24h | E52: GAPDH | P52: =$O$43 -> Set 1 24h | Q52: GAPDH | R52: 19.644558 | AA52: =$Z$43 -> Set 2 24h | AB52: GAPDH | AC52: 19.610464 | AL52: =$AK$43 -> Set 4 24h | AM52: GAPDH | AN52: 19.318447 | AW52: =$AV$43 -> Set 5 24h | AX52: GAPDH | AY52: 19.318447 | BH52: =$BG$43 -> GFP 24h | BI52: GAPDH | BJ52: 18.980717
D53: =$C$43 -> WT 24h | E53: GAPDH | F53: 20.540263 | P53: =$O$43 -> Set 1 24h | Q53: GAPDH | R53: 18.856033 | AA53: =$Z$43 -> Set 2 24h | AB53: GAPDH | AC53: 18.852243 | AL53: =$AK$43 -> Set 4 24h | AM53: GAPDH | AN53: 19.252159 | AW53: =$AV$43 -> Set 5 24h | AX53: GAPDH | AY53: 19.252159 | BH53: =$BG$43 -> GFP 24h | BI53: GAPDH | BJ53: 18.248058
A54: Gene 1 | B54: =E54 -> nsP3 | D54: =$C$43 -> WT 24h | E54: nsP3 | G54: =AVERAGE(F54:F56) -> 18.462688 | H54: =G54-G45 -> -2.0088851 | I54: =AVERAGE(H54:H62) -> -1.918063 | J54: =H54-I54 -> -0.090822117 | K54: =2^-(J54) -> 1.0649769 | P54: =$O$43 -> Set 1 24h | Q54: nsP3 | R54: 19.075895 | S54: =AVERAGE(R54:R56) -> 18.867162 | T54: =S54-S45 -> -0.65431147 | U54: =T54-I54 -> 1.2637515 | V54: =2^-(U54) -> 0.41645961 | AA54: =$Z$43 -> Set 2 24h | AB54: nsP3 | AC54: 18.231773 | AD54: =AVERAGE(AC54:AC56) -> 18.070737 | AE54: =AD54-AD45 -> 0.54113764 | AF54: =AE54-I54 -> 2.4592006 | AG54: =2^-(AF54) -> 0.1818473 | AL54: =$AK$43 -> Set 4 24h | AM54: nsP3 | AN54: 20.782261 | AO54: =AVERAGE(AN54:AN56) -> 20.708842 | AP54: =AO54-AO45 -> 0.3405353 | AQ54: =AP54-I54 -> 2.2585983 | AR54: =2^-(AQ54) -> 0.20897492 | AW54: =$AV$43 -> Set 5 24h | AX54: nsP3 | AZ54: =AVERAGE(AY54:AY56) -> 18.88954 | BA54: =AZ54-AZ45 -> -1.4787667 | BB54: =BA54-I54 -> 0.43929626 | BC54: =2^-(BB54) -> 0.73749427 | BH54: =$BG$43 -> GFP 24h | BI54: nsP3 | BJ54: 17.757053 | BK54: =AVERAGE(BJ54:BJ56) -> 17.463924 | BL54: =BK54-BK45 -> -0.42822189 | BM54: =BL54-I54 -> 1.4898411 | BN54: =2^-(BM54) -> 0.35605176
D55: =$C$43 -> WT 24h | E55: nsP3 | P55: =$O$43 -> Set 1 24h | Q55: nsP3 | R55: 18.406874 | AA55: =$Z$43 -> Set 2 24h | AB55: nsP3 | AC55: 17.814543 | AL55: =$AK$43 -> Set 4 24h | AM55: nsP3 | AN55: 20.611873 | AW55: =$AV$43 -> Set 5 24h | AX55: nsP3 | BH55: =$BG$43 -> GFP 24h | BI55: nsP3 | BJ55: 17.049854
D56: =$C$43 -> WT 24h | E56: nsP3 | F56: 18.462688 | P56: =$O$43 -> Set 1 24h | Q56: nsP3 | R56: 19.118717 | AA56: =$Z$43 -> Set 2 24h | AB56: nsP3 | AC56: 18.165897 | AL56: =$AK$43 -> Set 4 24h | AM56: nsP3 | AN56: 20.732391 | AW56: =$AV$43 -> Set 5 24h | AX56: nsP3 | AY56: 18.88954 | BH56: =$BG$43 -> GFP 24h | BI56: nsP3 | BJ56: 17.584865
D57: =$C$43 -> WT 24h | E57: nsP3 | F57: 19.064071 | G57: =AVERAGE(F57:F59) -> 18.70445 | H57: =G57-G48 -> -1.9586608 | J57: =H57-I54 -> -0.04059784 | K57: =2^-(J57) -> 1.02854 | P57: =$O$43 -> Set 1 24h | Q57: nsP3 | R57: 18.110747 | S57: =AVERAGE(R57:R59) -> 17.858329 | T57: =S57-S48 -> 0.20961933 | U57: =T57-I54 -> 2.1276823 | V57: =2^-(U57) -> 0.22882517 | AA57: =$Z$43 -> Set 2 24h | AB57: nsP3 | AC57: 18.207993 | AD57: =AVERAGE(AC57:AC59) -> 17.751046 | AE57: =AD57-AD48 -> -0.10768172 | AF57: =AE57-I54 -> 1.8103813 | AG57: =2^-(AF57) -> 0.28511557 | AL57: =$AK$43 -> Set 4 24h | AM57: nsP3 | AN57: 20.940366 | AO57: =AVERAGE(AN57:AN59) -> 20.798444 | AP57: =AO57-AO48 -> 0.47759874 | AQ57: =AP57-I54 -> 2.3956617 | AR57: =2^-(AQ57) -> 0.19003516 | AW57: =$AV$43 -> Set 5 24h | AX57: nsP3 | AZ57: =AVERAGE(AY57:AY59) -> 19.140345 | BA57: =AZ57-AZ48 -> -1.1805004 | BB57: =BA57-I54 -> 0.73756263 | BC57: =2^-(BB57) -> 0.59975175 | BH57: =$BG$43 -> GFP 24h | BI57: nsP3 | BJ57: 17.027959 | BK57: =AVERAGE(BJ57:BJ59) -> 17.037905 | BL57: =BK57-BK48 -> -1.4245872 | BM57: =BL57-I54 -> 0.49347578 | BN57: =2^-(BM57) -> 0.71031173
D58: =$C$43 -> WT 24h | E58: nsP3 | F58: 18.513969 | P58: =$O$43 -> Set 1 24h | Q58: nsP3 | R58: 18.264739 | AA58: =$Z$43 -> Set 2 24h | AB58: nsP3 | AC58: 17.825047 | AL58: =$AK$43 -> Set 4 24h | AM58: nsP3 | AN58: 20.643332 | AW58: =$AV$43 -> Set 5 24h | AX58: nsP3 | BH58: =$BG$43 -> GFP 24h | BI58: nsP3 | BJ58: 17.047851
D59: =$C$43 -> WT 24h | E59: nsP3 | F59: 18.53531 | P59: =$O$43 -> Set 1 24h | Q59: nsP3 | R59: 17.1995 | AA59: =$Z$43 -> Set 2 24h | AB59: nsP3 | AC59: 17.220099 | AL59: =$AK$43 -> Set 4 24h | AM59: nsP3 | AN59: 20.811632 | AW59: =$AV$43 -> Set 5 24h | AX59: nsP3 | AY59: 19.140345 | BH59: =$BG$43 -> GFP 24h | BI59: nsP3
D60: =$C$43 -> WT 24h | E60: nsP3 | G60: =AVERAGE(F60:F62) -> 18.819592 | H60: =G60-G51 -> -1.786643 | J60: =H60-I54 -> 0.13141996 | K60: =2^-(J60) -> 0.91293246 | P60: =$O$43 -> Set 1 24h | Q60: nsP3 | R60: 18.900067 | S60: =AVERAGE(R60:R62) -> 19.467777 | T60: =S60-S51 -> 0.22595981 | U60: =T60-I54 -> 2.1440228 | V60: =2^-(U60) -> 0.22624804 | AA60: =$Z$43 -> Set 2 24h | AB60: nsP3 | AC60: 19.470672 | AD60: =AVERAGE(AC60:AC62) -> 19.791472 | AE60: =AD60-AD51 -> 0.52771699 | AF60: =AE60-I54 -> 2.44578 | AG60: =2^-(AF60) -> 0.18354682 | AL60: =$AK$43 -> Set 4 24h | AM60: nsP3 | AN60: 19.517558 | AO60: =AVERAGE(AN60:AN62) -> 19.396314 | AP60: =AO60-AO51 -> 0.15855548 | AQ60: =AP60-I54 -> 2.0766185 | AR60: =2^-(AQ60) -> 0.23706943 | AW60: =$AV$43 -> Set 5 24h | AX60: nsP3 | AY60: 18.605618 | AZ60: =AVERAGE(AY60:AY62) -> 18.605618 | BA60: =AZ60-AZ51 -> -0.63214016 | BB60: =BA60-I54 -> 1.2859228 | BC60: =2^-(BB60) -> 0.41010839 | BH60: =$BG$43 -> GFP 24h | BI60: nsP3 | BJ60: 17.210057 | BK60: =AVERAGE(BJ60:BJ62) -> 17.638862 | BL60: =BK60-BK51 -> -0.93175957 | BM60: =BL60-I54 -> 0.98630342 | BN60: =2^-(BM60) -> 0.50476948
D61: =$C$43 -> WT 24h | E61: nsP3 | F61: 18.819592 | P61: =$O$43 -> Set 1 24h | Q61: nsP3 | R61: 19.699336 | AA61: =$Z$43 -> Set 2 24h | AB61: nsP3 | AC61: 19.98383 | AL61: =$AK$43 -> Set 4 24h | AM61: nsP3 | AN61: 19.22615 | AW61: =$AV$43 -> Set 5 24h | AX61: nsP3 | BH61: =$BG$43 -> GFP 24h | BI61: nsP3 | BJ61: 17.842126
D62: =$C$43 -> WT 24h | E62: nsP3 | P62: =$O$43 -> Set 1 24h | Q62: nsP3 | R62: 19.803927 | AA62: =$Z$43 -> Set 2 24h | AB62: nsP3 | AC62: 19.919913 | AL62: =$AK$43 -> Set 4 24h | AM62: nsP3 | AN62: 19.445232 | AW62: =$AV$43 -> Set 5 24h | AX62: nsP3 | BH62: =$BG$43 -> GFP 24h | BI62: nsP3 | BJ62: 17.864404
A63: Gene 2 | B63: =E63 -> GFP | D63: =$C$43 -> WT 24h | E63: GFP | G63: =AVERAGE(F63:F65) -> 16.943589 | H63: =G63-G45 -> -3.5279845 | I63: =AVERAGE(H63:H71) -> -3.448338 | J63: =H63-I63 -> -0.07964644 | K63: =2^-(J63) -> 1.056759 | P63: =$O$43 -> Set 1 24h | Q63: GFP | R63: 16.6008 | S63: =AVERAGE(R63:R65) -> 16.6008 | T63: =S63-S45 -> -2.9206731 | U63: =T63-I63 -> 0.52766497 | V63: =2^-(U63) -> 0.69367656 | AA63: =$Z$43 -> Set 2 24h | AB63: GFP | AC63: 15.922191 | AD63: =AVERAGE(AC63:AC65) -> 15.773217 | AE63: =AD63-AD45 -> -1.7563826 | AF63: =AE63-I63 -> 1.6919555 | AG63: =2^-(AF63) -> 0.30950713 | AL63: =$AK$43 -> Set 4 24h | AM63: GFP | AN63: 16.84105 | AO63: =AVERAGE(AN63:AN65) -> 17.183717 | AP63: =AO63-AO45 -> -3.18459 | AQ63: =AP63-I63 -> 0.26374803 | AR63: =2^-(AQ63) -> 0.83292123 | AW63: =$AV$43 -> Set 5 24h | AX63: GFP | AZ63: =AVERAGE(AY63:AY65) -> 16.070528 | BA63: =AZ63-AZ45 -> -4.2977785 | BB63: =BA63-I63 -> -0.84944043 | BC63: =2^-(BB63) -> 1.8018019 | BH63: =$BG$43 -> GFP 24h | BI63: GFP | BJ63: 17.881815 | BK63: =AVERAGE(BJ63:BJ65) -> 17.753016 | BL63: =BK63-BK45 -> -0.13912975 | BM63: =BL63-I63 -> 3.3092083 | BN63: =2^-(BM63) -> 0.10088557
D64: =$C$43 -> WT 24h | E64: GFP | F64: 16.943589 | P64: =$O$43 -> Set 1 24h | Q64: GFP | AA64: =$Z$43 -> Set 2 24h | AB64: GFP | AC64: 15.811654 | AL64: =$AK$43 -> Set 4 24h | AM64: GFP | AN64: 17.676383 | AW64: =$AV$43 -> Set 5 24h | AX64: GFP | BH64: =$BG$43 -> GFP 24h | BI64: GFP | BJ64: 17.882134
D65: =$C$43 -> WT 24h | E65: GFP | P65: =$O$43 -> Set 1 24h | Q65: GFP | AA65: =$Z$43 -> Set 2 24h | AB65: GFP | AC65: 15.585807 | AL65: =$AK$43 -> Set 4 24h | AM65: GFP | AN65: 17.033716 | AW65: =$AV$43 -> Set 5 24h | AX65: GFP | AY65: 16.070528 | BH65: =$BG$43 -> GFP 24h | BI65: GFP | BJ65: 17.495099
D66: =$C$43 -> WT 24h | E66: GFP | F66: 16.977031 | G66: =AVERAGE(F66:F68) -> 17.116928 | H66: =G66-G48 -> -3.546183 | J66: =H66-I63 -> -0.097844968 | K66: =2^-(J66) -> 1.0701737 | P66: =$O$43 -> Set 1 24h | Q66: GFP | S66: =AVERAGE(R66:R68) -> 16.074471 | T66: =S66-S48 -> -1.5742382 | U66: =T66-I63 -> 1.8740999 | V66: =2^-(U66) -> 0.27279708 | AA66: =$Z$43 -> Set 2 24h | AB66: GFP | AC66: 16.128999 | AD66: =AVERAGE(AC66:AC68) -> 16.041095 | AE66: =AD66-AD48 -> -1.8176326 | AF66: =AE66-I63 -> 1.6307054 | AG66: =2^-(AF66) -> 0.32293026 | AL66: =$AK$43 -> Set 4 24h | AM66: GFP | AN66: 17.051925 | AO66: =AVERAGE(AN66:AN68) -> 17.080362 | AP66: =AO66-AO48 -> -3.2404827 | AQ66: =AP66-I63 -> 0.20785538 | AR66: =2^-(AQ66) -> 0.86582335 | AW66: =$AV$43 -> Set 5 24h | AX66: GFP | AY66: 17.353568 | AZ66: =AVERAGE(AY66:AY68) -> 17.353568 | BA66: =AZ66-AZ48 -> -2.9672768 | BB66: =BA66-I63 -> 0.48106126 | BC66: =2^-(BB66) -> 0.7164504 | BH66: =$BG$43 -> GFP 24h | BI66: GFP | BJ66: 17.10497 | BK66: =AVERAGE(BJ66:BJ68) -> 17.155894 | BL66: =BK66-BK48 -> -1.3065985 | BM66: =BL66-I63 -> 2.1417395 | BN66: =2^-(BM66) -> 0.22660639
D67: =$C$43 -> WT 24h | E67: GFP | F67: 17.030316 | P67: =$O$43 -> Set 1 24h | Q67: GFP | AA67: =$Z$43 -> Set 2 24h | AB67: GFP | AC67: 16.086532 | AL67: =$AK$43 -> Set 4 24h | AM67: GFP | AN67: 17.06213 | AW67: =$AV$43 -> Set 5 24h | AX67: GFP | BH67: =$BG$43 -> GFP 24h | BI67: GFP | BJ67: 17.341916
D68: =$C$43 -> WT 24h | E68: GFP | F68: 17.343436 | P68: =$O$43 -> Set 1 24h | Q68: GFP | R68: 16.074471 | AA68: =$Z$43 -> Set 2 24h | AB68: GFP | AC68: 15.907756 | AL68: =$AK$43 -> Set 4 24h | AM68: GFP | AN68: 17.127031 | AW68: =$AV$43 -> Set 5 24h | AX68: GFP | BH68: =$BG$43 -> GFP 24h | BI68: GFP | BJ68: 17.020795
D69: =$C$43 -> WT 24h | E69: GFP | F69: 17.335388 | G69: =AVERAGE(F69:F71) -> 17.335388 | H69: =G69-G51 -> -3.2708466 | J69: =H69-I63 -> 0.17749141 | K69: =2^-(J69) -> 0.8842392 | P69: =$O$43 -> Set 1 24h | Q69: GFP | S69: =AVERAGE(R69:R71) -> 17.143927 | T69: =S69-S51 -> -2.0978903 | U69: =T69-I63 -> 1.3504478 | V69: =2^-(U69) -> 0.39217031 | AA69: =$Z$43 -> Set 2 24h | AB69: GFP | AC69: 17.518759 | AD69: =AVERAGE(AC69:AC71) -> 17.511464 | AE69: =AD69-AD51 -> -1.7522902 | AF69: =AE69-I63 -> 1.6960479 | AG69: =2^-(AF69) -> 0.30863041 | AL69: =$AK$43 -> Set 4 24h | AM69: GFP | AN69: 16.316158 | AO69: =AVERAGE(AN69:AN71) -> 16.183707 | AP69: =AO69-AO51 -> -3.0540516 | AQ69: =AP69-I63 -> 0.3942864 | AR69: =2^-(AQ69) -> 0.76086563 | AW69: =$AV$43 -> Set 5 24h | AX69: GFP | AZ69: =AVERAGE(AY69:AY71) -> 16.596312 | BA69: =AZ69-AZ51 -> -2.6414462 | BB69: =BA69-I63 -> 0.80689188 | BC69: =2^-(BB69) -> 0.571612 | BH69: =$BG$43 -> GFP 24h | BI69: GFP | BJ69: 17.68024 | BK69: =AVERAGE(BJ69:BJ71) -> 17.653169 | BL69: =BK69-BK51 -> -0.91745273 | BM69: =BL69-I63 -> 2.5308853 | BN69: =2^-(BM69) -> 0.17303247
D70: =$C$43 -> WT 24h | E70: GFP | P70: =$O$43 -> Set 1 24h | Q70: GFP | R70: 17.143927 | AA70: =$Z$43 -> Set 2 24h | AB70: GFP | AC70: 17.499384 | AL70: =$AK$43 -> Set 4 24h | AM70: GFP | AN70: 16.177653 | AW70: =$AV$43 -> Set 5 24h | AX70: GFP | BH70: =$BG$43 -> GFP 24h | BI70: GFP | BJ70: 17.747487
D71: =$C$43 -> WT 24h | E71: GFP | P71: =$O$43 -> Set 1 24h | Q71: GFP | AA71: =$Z$43 -> Set 2 24h | AB71: GFP | AC71: 17.51625 | AL71: =$AK$43 -> Set 4 24h | AM71: GFP | AN71: 16.057309 | AW71: =$AV$43 -> Set 5 24h | AX71: GFP | AY71: 16.596312 | BH71: =$BG$43 -> GFP 24h | BI71: GFP | BJ71: 17.531779
A72: Gene 3 | B72: =E72 -> RIG1 | D72: =$C$43 -> WT 24h | E72: RIG1 | F72: 23.476037 | G72: =AVERAGE(F72:F74) -> 23.163158 | H72: =G72-G45 -> 2.6915848 | I72: =AVERAGE(H72:H80) -> 2.6314182 | J72: =H72-I72 -> 0.060166585 | K72: =2^-(J72) -> 0.95915336 | P72: =$O$43 -> Set 1 24h | Q72: RIG1 | R72: 24.460534 | S72: =AVERAGE(R72:R74) -> 24.687106 | T72: =S72-S45 -> 5.1656323 | U72: =T72-I72 -> 2.5342141 | V72: =2^-(U72) -> 0.17263369 | AA72: =$Z$43 -> Set 2 24h | AB72: RIG1 | AC72: 22.166063 | AD72: =AVERAGE(AC72:AC74) -> 22.456962 | AE72: =AD72-AD45 -> 4.9273621 | AF72: =AE72-I72 -> 2.2959439 | AG72: =2^-(AF72) -> 0.20363481 | AL72: =$AK$43 -> Set 4 24h | AM72: RIG1 | AN72: 25.472786 | AO72: =AVERAGE(AN72:AN74) -> 25.678378 | AP72: =AO72-AO45 -> 5.3100718 | AQ72: =AP72-I72 -> 2.6786537 | AR72: =2^-(AQ72) -> 0.15618701 | AW72: =$AV$43 -> Set 5 24h | AX72: RIG1 | AZ72: =AVERAGE(AY72:AY74) -> 23.872664 | BA72: =AZ72-AZ45 -> 3.504357 | BB72: =BA72-I72 -> 0.87293879 | BC72: =2^-(BB72) -> 0.54603344 | BH72: =$BG$43 -> GFP 24h | BI72: RIG1 | BJ72: 18.612327 | BK72: =AVERAGE(BJ72:BJ74) -> 20.316362 | BL72: =BK72-BK45 -> 2.4242158 | BM72: =BL72-I72 -> -0.20720242 | BN72: =2^-(BM72) -> 1.1544474
D73: =$C$43 -> WT 24h | E73: Rig1 | F73: 22.869573 | P73: =$O$43 -> Set 1 24h | Q73: Rig1 | R73: 24.813533 | AA73: =$Z$43 -> Set 2 24h | AB73: Rig1 | AC73: 22.594613 | AL73: =$AK$43 -> Set 4 24h | AM73: Rig1 | AN73: 25.41077 | AW73: =$AV$43 -> Set 5 24h | AX73: Rig1 | AY73: 23.872664 | BH73: =$BG$43 -> GFP 24h | BI73: Rig1 | BJ73: 20.891992
D74: =$C$43 -> WT 24h | E74: RIG1 | F74: 23.143864 | P74: =$O$43 -> Set 1 24h | Q74: RIG1 | R74: 24.787249 | AA74: =$Z$43 -> Set 2 24h | AB74: RIG1 | AC74: 22.61021 | AL74: =$AK$43 -> Set 4 24h | AM74: RIG1 | AN74: 26.151579 | AW74: =$AV$43 -> Set 5 24h | AX74: RIG1 | BH74: =$BG$43 -> GFP 24h | BI74: RIG1 | BJ74: 21.444767
D75: =$C$43 -> WT 24h | E75: RIG1 | F75: 22.517454 | G75: =AVERAGE(F75:F77) -> 23.159823 | H75: =G75-G48 -> 2.4967126 | J75: =H75-I72 -> -0.13470561 | K75: =2^-(J75) -> 1.0978688 | P75: =$O$43 -> Set 1 24h | Q75: RIG1 | R75: 23.405031 | S75: =AVERAGE(R75:R77) -> 23.058127 | T75: =S75-S48 -> 5.409418 | U75: =T75-I72 -> 2.7779998 | V75: =2^-(U75) -> 0.14579369 | AA75: =$Z$43 -> Set 2 24h | AB75: RIG1 | AC75: 23.192043 | AD75: =AVERAGE(AC75:AC77) -> 22.837376 | AE75: =AD75-AD48 -> 4.9786479 | AF75: =AE75-I72 -> 2.3472297 | AG75: =2^-(AF75) -> 0.19652303 | AL75: =$AK$43 -> Set 4 24h | AM75: RIG1 | AN75: 25.275397 | AO75: =AVERAGE(AN75:AN77) -> 25.101688 | AP75: =AO75-AO48 -> 4.7808428 | AQ75: =AP75-I72 -> 2.1494246 | AR75: =2^-(AQ75) -> 0.22540249 | AW75: =$AV$43 -> Set 5 24h | AX75: RIG1 | AZ75: =AVERAGE(AY75:AY77) -> 25.164878 | BA75: =AZ75-AZ48 -> 4.8440329 | BB75: =BA75-I72 -> 2.2126147 | BC75: =2^-(BB75) -> 0.21574294 | BH75: =$BG$43 -> GFP 24h | BI75: RIG1 | BJ75: 21.342363 | BK75: =AVERAGE(BJ75:BJ77) -> 20.844306 | BL75: =BK75-BK48 -> 2.3818135 | BM75: =BL75-I72 -> -0.24960468 | BN75: =2^-(BM75) -> 1.1888813
D76: =$C$43 -> WT 24h | E76: RIG1 | P76: =$O$43 -> Set 1 24h | Q76: RIG1 | R76: 22.860995 | AA76: =$Z$43 -> Set 2 24h | AB76: RIG1 | AC76: 22.731146 | AL76: =$AK$43 -> Set 4 24h | AM76: RIG1 | AN76: 24.948784 | AW76: =$AV$43 -> Set 5 24h | AX76: RIG1 | AY76: 25.164878 | BH76: =$BG$43 -> GFP 24h | BI76: RIG1 | BJ76: 20.810301
D77: =$C$43 -> WT 24h | E77: RIG1 | F77: 23.802193 | P77: =$O$43 -> Set 1 24h | Q77: RIG1 | R77: 22.908355 | AA77: =$Z$43 -> Set 2 24h | AB77: RIG1 | AC77: 22.588939 | AL77: =$AK$43 -> Set 4 24h | AM77: RIG1 | AN77: 25.080881 | AW77: =$AV$43 -> Set 5 24h | AX77: RIG1 | BH77: =$BG$43 -> GFP 24h | BI77: RIG1 | BJ77: 20.380253
D78: =$C$43 -> WT 24h | E78: RIG1 | F78: 23.312192 | G78: =AVERAGE(F78:F80) -> 23.312192 | H78: =G78-G51 -> 2.7059572 | J78: =H78-I72 -> 0.074539027 | K78: =2^-(J78) -> 0.9496455 | P78: =$O$43 -> Set 1 24h | Q78: RIG1 | R78: 23.888905 | S78: =AVERAGE(R78:R80) -> 24.327915 | T78: =S78-S51 -> 5.086098 | U78: =T78-I72 -> 2.4546798 | V78: =2^-(U78) -> 0.18241802 | AA78: =$Z$43 -> Set 2 24h | AB78: RIG1 | AC78: 23.489882 | AD78: =AVERAGE(AC78:AC80) -> 24.055426 | AE78: =AD78-AD51 -> 4.7916718 | AF78: =AE78-I72 -> 2.1602537 | AG78: =2^-(AF78) -> 0.22371693 | AL78: =$AK$43 -> Set 4 24h | AM78: RIG1 | AN78: 24.107455 | AO78: =AVERAGE(AN78:AN80) -> 24.533775 | AP78: =AO78-AO51 -> 5.2960172 | AQ78: =AP78-I72 -> 2.664599 | AR78: =2^-(AQ78) -> 0.157716 | AW78: =$AV$43 -> Set 5 24h | AX78: RIG1 | AZ78: =AVERAGE(AY78:AY80) -> 23.900992 | BA78: =AZ78-AZ51 -> 4.6632339 | BB78: =BA78-I72 -> 2.0318157 | BC78: =2^-(BB78) -> 0.2445471 | BH78: =$BG$43 -> GFP 24h | BI78: RIG1 | BJ78: 20.902436 | BK78: =AVERAGE(BJ78:BJ80) -> 21.015581 | BL78: =BK78-BK51 -> 2.4449598 | BM78: =BL78-I72 -> -0.18645843 | BN78: =2^-(BM78) -> 1.1379668
D79: =$C$43 -> WT 24h | E79: RIG1 | P79: =$O$43 -> Set 1 24h | Q79: RIG1 | R79: 24.240997 | AA79: =$Z$43 -> Set 2 24h | AB79: RIG1 | AC79: 23.826281 | AL79: =$AK$43 -> Set 4 24h | AM79: RIG1 | AN79: 24.719999 | AW79: =$AV$43 -> Set 5 24h | AX79: RIG1 | AY79: 23.900992 | BH79: =$BG$43 -> GFP 24h | BI79: RIG1 | BJ79: 20.709475
D80: =$C$43 -> WT 24h | E80: RIG1 | P80: =$O$43 -> Set 1 24h | Q80: RIG1 | R80: 24.853844 | AA80: =$Z$43 -> Set 2 24h | AB80: RIG1 | AC80: 24.850117 | AL80: =$AK$43 -> Set 4 24h | AM80: RIG1 | AN80: 24.773872 | AW80: =$AV$43 -> Set 5 24h | AX80: RIG1 | BH80: =$BG$43 -> GFP 24h | BI80: RIG1 | BJ80: 21.434833
A81: Gene 4 | B81: =E81 -> MDA5 | D81: =$C$43 -> WT 24h | E81: MDA5 | G81: =AVERAGE(F81:F83) -> 25.793674 | H81: =G81-G45 -> 5.3221012 | I81: =AVERAGE(H81:H89) -> 5.2591612 | J81: =H81-I81 -> 0.062940009 | K81: =2^-(J81) -> 0.95731126 | P81: =$O$43 -> Set 1 24h | Q81: MDA5 | R81: 27.465806 | S81: =AVERAGE(R81:R83) -> 27.715893 | T81: =S81-S45 -> 8.1944198 | U81: =T81-I81 -> 2.9352586 | V81: =2^-(U81) -> 0.13073718 | AA81: =$Z$43 -> Set 2 24h | AB81: MDA5 | AC81: 24.127261 | AD81: =AVERAGE(AC81:AC83) -> 24.638742 | AE81: =AD81-AD45 -> 7.1091418 | AF81: =AE81-I81 -> 1.8499806 | AG81: =2^-(AF81) -> 0.2773961 | AL81: =$AK$43 -> Set 4 24h | AM81: MDA5 | AN81: 29.784446 | AO81: =AVERAGE(AN81:AN83) -> 29.925614 | AP81: =AO81-AO45 -> 9.5573075 | AQ81: =AP81-I81 -> 4.2981463 | AR81: =2^-(AQ81) -> 0.050831044 | AW81: =$AV$43 -> Set 5 24h | AX81: MDA5 | AY81: 28.379429 | AZ81: =AVERAGE(AY81:AY83) -> 28.858995 | BA81: =AZ81-AZ45 -> 8.4906889 | BB81: =BA81-I81 -> 3.2315277 | BC81: =2^-(BB81) -> 0.10646656 | BH81: =$BG$43 -> GFP 24h | BI81: MDA5 | BJ81: 22.486447 | BK81: =AVERAGE(BJ81:BJ83) -> 22.112681 | BL81: =BK81-BK45 -> 4.2205352 | BM81: =BL81-I81 -> -1.038626 | BN81: =2^-(BM81) -> 2.0542703
D82: =$C$43 -> WT 24h | E82: MDA5 | F82: 25.793674 | P82: =$O$43 -> Set 1 24h | Q82: MDA5 | R82: 27.874627 | AA82: =$Z$43 -> Set 2 24h | AB82: MDA5 | AC82: 24.968374 | AL82: =$AK$43 -> Set 4 24h | AM82: MDA5 | AN82: 29.625948 | AW82: =$AV$43 -> Set 5 24h | AX82: MDA5 | AY82: 28.779788 | BH82: =$BG$43 -> GFP 24h | BI82: MDA5 | BJ82: 21.486816
D83: =$C$43 -> WT 24h | E83: MDA5 | P83: =$O$43 -> Set 1 24h | Q83: MDA5 | R83: 27.807247 | AA83: =$Z$43 -> Set 2 24h | AB83: MDA5 | AC83: 24.82059 | AL83: =$AK$43 -> Set 4 24h | AM83: MDA5 | AN83: 30.366449 | AW83: =$AV$43 -> Set 5 24h | AX83: MDA5 | AY83: 29.417769 | BH83: =$BG$43 -> GFP 24h | BI83: MDA5 | BJ83: 22.364781
D84: =$C$43 -> WT 24h | E84: MDA5 | G84: =AVERAGE(F84:F86) -> 25.60246 | H84: =G84-G48 -> 4.9393488 | J84: =H84-I81 -> -0.31981236 | K84: =2^-(J84) -> 1.2481682 | P84: =$O$43 -> Set 1 24h | Q84: MDA5 | R84: 26.293399 | S84: =AVERAGE(R84:R86) -> 25.903503 | T84: =S84-S48 -> 8.2547941 | U84: =T84-I81 -> 2.9956329 | V84: =2^-(U84) -> 0.12537895 | AA84: =$Z$43 -> Set 2 24h | AB84: MDA5 | AC84: 25.123558 | AD84: =AVERAGE(AC84:AC86) -> 24.705013 | AE84: =AD84-AD48 -> 6.8462852 | AF84: =AE84-I81 -> 1.587124 | AG84: =2^-(AF84) -> 0.33283429 | AL84: =$AK$43 -> Set 4 24h | AM84: MDA5 | AN84: 30.632737 | AO84: =AVERAGE(AN84:AN86) -> 30.749808 | AP84: =AO84-AO48 -> 10.428964 | AQ84: =AP84-I81 -> 5.1698024 | AR84: =2^-(AQ84) -> 0.027780139 | AW84: =$AV$43 -> Set 5 24h | AX84: MDA5 | AY84: 31.043947 | AZ84: =AVERAGE(AY84:AY86) -> 30.796155 | BA84: =AZ84-AZ48 -> 10.47531 | BB84: =BA84-I81 -> 5.2161487 | BC84: =2^-(BB84) -> 0.02690189 | BH84: =$BG$43 -> GFP 24h | BI84: MDA5 | BJ84: 22.948616 | BK84: =AVERAGE(BJ84:BJ86) -> 22.683889 | BL84: =BK84-BK48 -> 4.2213964 | BM84: =BL84-I81 -> -1.0377648 | BN84: =2^-(BM84) -> 2.0530444
D85: =$C$43 -> WT 24h | E85: MDA5 | P85: =$O$43 -> Set 1 24h | Q85: MDA5 | R85: 25.425135 | AA85: =$Z$43 -> Set 2 24h | AB85: MDA5 | AC85: 24.375422 | AL85: =$AK$43 -> Set 4 24h | AM85: MDA5 | AN85: 30.83058 | AW85: =$AV$43 -> Set 5 24h | AX85: MDA5 | AY85: 30.672232 | BH85: =$BG$43 -> GFP 24h | BI85: MDA5 | BJ85: 22.325371
D86: =$C$43 -> WT 24h | E86: MDA5 | F86: 25.60246 | P86: =$O$43 -> Set 1 24h | Q86: MDA5 | R86: 25.991976 | AA86: =$Z$43 -> Set 2 24h | AB86: MDA5 | AC86: 24.61606 | AL86: =$AK$43 -> Set 4 24h | AM86: MDA5 | AN86: 30.786108 | AW86: =$AV$43 -> Set 5 24h | AX86: MDA5 | AY86: 30.672285 | BH86: =$BG$43 -> GFP 24h | BI86: MDA5 | BJ86: 22.777678
D87: =$C$43 -> WT 24h | E87: MDA5 | G87: =AVERAGE(F87:F89) -> 26.122268 | H87: =G87-G51 -> 5.5160336 | J87: =H87-I81 -> 0.25687235 | K87: =2^-(J87) -> 0.83690029 | P87: =$O$43 -> Set 1 24h | Q87: MDA5 | R87: 29.206717 | S87: =AVERAGE(R87:R89) -> 28.567146 | T87: =S87-S51 -> 9.3253292 | U87: =T87-I81 -> 4.066168 | V87: =2^-(U87) -> 0.059698233 | AA87: =$Z$43 -> Set 2 24h | AB87: MDA5 | AC87: 26.84261 | AD87: =AVERAGE(AC87:AC89) -> 26.508434 | AE87: =AD87-AD51 -> 7.2446795 | AF87: =AE87-I81 -> 1.9855183 | AG87: =2^-(AF87) -> 0.25252212 | AL87: =$AK$43 -> Set 4 24h | AM87: MDA5 | AN87: 28.570492 | AO87: =AVERAGE(AN87:AN89) -> 29.42054 | AP87: =AO87-AO51 -> 10.182782 | AQ87: =AP87-I81 -> 4.923621 | AR87: =2^-(AQ87) -> 0.032949011 | AW87: =$AV$43 -> Set 5 24h | AX87: MDA5 | AY87: 30.291094 | AZ87: =AVERAGE(AY87:AY89) -> 29.719587 | BA87: =AZ87-AZ51 -> 10.481829 | BB87: =BA87-I81 -> 5.2226673 | BC87: =2^-(BB87) -> 0.026780611 | BH87: =$BG$43 -> GFP 24h | BI87: MDA5 | BJ87: 22.986042 | BK87: =AVERAGE(BJ87:BJ89) -> 22.692328 | BL87: =BK87-BK51 -> 4.1217063 | BM87: =BL87-I81 -> -1.1374549 | BN87: =2^-(BM87) -> 2.1999259
D88: =$C$43 -> WT 24h | E88: MDA5 | P88: =$O$43 -> Set 1 24h | Q88: MDA5 | R88: 27.945673 | AA88: =$Z$43 -> Set 2 24h | AB88: MDA5 | AC88: 25.873819 | AL88: =$AK$43 -> Set 4 24h | AM88: MDA5 | AN88: 29.7241 | AW88: =$AV$43 -> Set 5 24h | AX88: MDA5 | AY88: 29.652843 | BH88: =$BG$43 -> GFP 24h | BI88: MDA5
D89: =$C$43 -> WT 24h | E89: MDA5 | F89: 26.122268 | P89: =$O$43 -> Set 1 24h | Q89: MDA5 | R89: 28.549049 | AA89: =$Z$43 -> Set 2 24h | AB89: MDA5 | AC89: 26.808873 | AL89: =$AK$43 -> Set 4 24h | AM89: MDA5 | AN89: 29.967029 | AW89: =$AV$43 -> Set 5 24h | AX89: MDA5 | AY89: 29.214824 | BH89: =$BG$43 -> GFP 24h | BI89: MDA5 | BJ89: 22.398614
A90: Gene 5 | B90: =E90 -> IFIT | D90: =$C$43 -> WT 24h | E90: IFIT | F90: 25.876802 | G90: =AVERAGE(F90:F92) -> 25.876802 | H90: =G90-G45 -> 5.4052286 | I90: =AVERAGE(H90:H98) -> 5.2154017 | J90: =H90-I90 -> 0.18982682 | K90: =2^-(J90) -> 0.87671095 | P90: =$O$43 -> Set 1 24h | Q90: IFIT | R90: 26.521411 | S90: =AVERAGE(R90:R92) -> 26.89985 | T90: =S90-S45 -> 7.3783762 | U90: =T90-I90 -> 2.1629745 | V90: =2^-(U90) -> 0.22329541 | AA90: =$Z$43 -> Set 2 24h | AB90: IFIT | AC90: 23.846903 | AD90: =AVERAGE(AC90:AC92) -> 23.720395 | AE90: =AD90-AD45 -> 6.1907956 | AF90: =AE90-I90 -> 0.97539389 | AG90: =2^-(AF90) -> 0.50860097 | AL90: =$AK$43 -> Set 4 24h | AM90: IFIT | AN90: 27.357216 | AO90: =AVERAGE(AN90:AN92) -> 26.7762 | AP90: =AO90-AO45 -> 6.4078933 | AQ90: =AP90-I90 -> 1.1924916 | AR90: =2^-(AQ90) -> 0.43754655 | AW90: =$AV$43 -> Set 5 24h | AX90: IFIT | AZ90: =AVERAGE(AY90:AY92) -> 26.785991 | BA90: =AZ90-AZ45 -> 6.4176844 | BB90: =BA90-I90 -> 1.2022826 | BC90: =2^-(BB90) -> 0.43458713 | BH90: =$BG$43 -> GFP 24h | BI90: IFIT | BJ90: 22.054781 | BK90: =AVERAGE(BJ90:BJ92) -> 22.054781 | BL90: =BK90-BK45 -> 4.162635 | BM90: =BL90-I90 -> -1.0527667 | BN90: =2^-(BM90) -> 2.0745044
D91: =$C$43 -> WT 24h | E91: IFIT | P91: =$O$43 -> Set 1 24h | Q91: IFIT | R91: 27.166253 | AA91: =$Z$43 -> Set 2 24h | AB91: IFIT | AC91: 23.546907 | AL91: =$AK$43 -> Set 4 24h | AM91: IFIT | AN91: 26.261475 | AW91: =$AV$43 -> Set 5 24h | AX91: IFIT | BH91: =$BG$43 -> GFP 24h | BI91: IFIT
D92: =$C$43 -> WT 24h | E92: IFIT | P92: =$O$43 -> Set 1 24h | Q92: IFIT | R92: 27.011884 | AA92: =$Z$43 -> Set 2 24h | AB92: IFIT | AC92: 23.767377 | AL92: =$AK$43 -> Set 4 24h | AM92: IFIT | AN92: 26.709908 | AW92: =$AV$43 -> Set 5 24h | AX92: IFIT | AY92: 26.785991 | BH92: =$BG$43 -> GFP 24h | BI92: IFIT
D93: =$C$43 -> WT 24h | E93: IFIT | G93: =AVERAGE(F93:F95) -> 25.639206 | H93: =G93-G48 -> 4.9760952 | J93: =H93-I90 -> -0.23930649 | K93: =2^-(J93) -> 1.1804251 | P93: =$O$43 -> Set 1 24h | Q93: IFIT | S93: =AVERAGE(R93:R95) -> 24.43116 | T93: =S93-S48 -> 6.7824509 | U93: =T93-I90 -> 1.5670492 | V93: =2^-(U93) -> 0.33749799 | AA93: =$Z$43 -> Set 2 24h | AB93: IFIT | AC93: 23.306255 | AD93: =AVERAGE(AC93:AC95) -> 23.496814 | AE93: =AD93-AD48 -> 5.6380857 | AF93: =AE93-I90 -> 0.42268398 | AG93: =2^-(AF93) -> 0.74603541 | AL93: =$AK$43 -> Set 4 24h | AM93: IFIT | AN93: 27.076706 | AO93: =AVERAGE(AN93:AN95) -> 27.389081 | AP93: =AO93-AO48 -> 7.0682358 | AQ93: =AP93-I90 -> 1.852834 | AR93: =2^-(AQ93) -> 0.27684799 | AW93: =$AV$43 -> Set 5 24h | AX93: IFIT | AY93: 27.851487 | AZ93: =AVERAGE(AY93:AY95) -> 27.851487 | BA93: =AZ93-AZ48 -> 7.5306419 | BB93: =BA93-I90 -> 2.3152401 | BC93: =2^-(BB93) -> 0.2009293 | BH93: =$BG$43 -> GFP 24h | BI93: IFIT | BK93: =AVERAGE(BJ93:BJ95) -> 22.596621 | BL93: =BK93-BK48 -> 4.1341289 | BM93: =BL93-I90 -> -1.0812728 | BN93: =2^-(BM93) -> 2.115902
D94: =$C$43 -> WT 24h | E94: IFIT | P94: =$O$43 -> Set 1 24h | Q94: IFIT | R94: 24.43116 | AA94: =$Z$43 -> Set 2 24h | AB94: IFIT | AC94: 23.911597 | AL94: =$AK$43 -> Set 4 24h | AM94: IFIT | AN94: 26.976094 | AW94: =$AV$43 -> Set 5 24h | AX94: IFIT | BH94: =$BG$43 -> GFP 24h | BI94: IFIT | BJ94: 22.983733
D95: =$C$43 -> WT 24h | E95: IFIT | F95: 25.639206 | P95: =$O$43 -> Set 1 24h | Q95: IFIT | AA95: =$Z$43 -> Set 2 24h | AB95: IFIT | AC95: 23.27259 | AL95: =$AK$43 -> Set 4 24h | AM95: IFIT | AN95: 28.114442 | AW95: =$AV$43 -> Set 5 24h | AX95: IFIT | BH95: =$BG$43 -> GFP 24h | BI95: IFIT | BJ95: 22.209509
D96: =$C$43 -> WT 24h | E96: IFIT | G96: =AVERAGE(F96:F98) -> 25.871116 | H96: =G96-G51 -> 5.2648814 | J96: =H96-I90 -> 0.04947967 | K96: =2^-(J96) -> 0.96628477 | P96: =$O$43 -> Set 1 24h | Q96: IFIT | S96: =AVERAGE(R96:R98) -> 26.933038 | T96: =S96-S51 -> 7.6912207 | U96: =T96-I90 -> 2.475819 | V96: =2^-(U96) -> 0.17976462 | AA96: =$Z$43 -> Set 2 24h | AB96: IFIT | AC96: 25.822628 | AD96: =AVERAGE(AC96:AC98) -> 25.313697 | AE96: =AD96-AD51 -> 6.0499422 | AF96: =AE96-I90 -> 0.83454052 | AG96: =2^-(AF96) -> 0.56076161 | AL96: =$AK$43 -> Set 4 24h | AM96: IFIT | AN96: 26.747779 | AO96: =AVERAGE(AN96:AN98) -> 26.658442 | AP96: =AO96-AO51 -> 7.4206834 | AQ96: =AP96-I90 -> 2.2052817 | AR96: =2^-(AQ96) -> 0.21684233 | AW96: =$AV$43 -> Set 5 24h | AX96: IFIT | AZ96: =AVERAGE(AY96:AY98) -> 26.354829 | BA96: =AZ96-AZ51 -> 7.1170713 | BB96: =BA96-I90 -> 1.9016695 | BC96: =2^-(BB96) -> 0.26763347 | BH96: =$BG$43 -> GFP 24h | BI96: IFIT | BK96: =AVERAGE(BJ96:BJ98) -> 22.88094 | BL96: =BK96-BK51 -> 4.3103183 | BM96: =BL96-I90 -> -0.90508344 | BN96: =2^-(BM96) -> 1.8726528
D97: =$C$43 -> WT 24h | E97: IFIT | F97: 25.871116 | P97: =$O$43 -> Set 1 24h | Q97: IFIT | R97: 26.933038 | AA97: =$Z$43 -> Set 2 24h | AB97: IFIT | AC97: 25.002201 | AL97: =$AK$43 -> Set 4 24h | AM97: IFIT | AN97: 26.358161 | AW97: =$AV$43 -> Set 5 24h | AX97: IFIT | BH97: =$BG$43 -> GFP 24h | BI97: IFIT
D98: =$C$43 -> WT 24h | E98: IFIT | P98: =$O$43 -> Set 1 24h | Q98: IFIT | AA98: =$Z$43 -> Set 2 24h | AB98: IFIT | AC98: 25.116261 | AL98: =$AK$43 -> Set 4 24h | AM98: IFIT | AN98: 26.869384 | AW98: =$AV$43 -> Set 5 24h | AX98: IFIT | AY98: 26.354829 | BH98: =$BG$43 -> GFP 24h | BI98: IFIT | BJ98: 22.88094
A101: Housekeeping Gene | B101: =E45 -> GAPDH | C101: =C43 -> WT 24h | O101: =O43 -> Set 1 24h | Z101: =Z43 -> Set 2 24h | AK101: =AK43 -> Set 4 24h | AV101: =AX3 -> Set 5 24h | BG101: =BI3 -> GFP 24h
C102: Well Position | D102: Sample | E102: Target | F102: Cq | G102: Avg Cq | H102: ∆Cq | I102: Avg ∆Cq | J102: ∆∆Cq | K102: 2-∆∆Cq | O102: Well Position | P102: Sample | Q102: Target | R102: Cq | S102: Avg Cq | T102: ∆Cq | U102: ∆∆Cq | V102: 2-∆∆Cq | Z102: Well Position | AA102: Sample | AB102: Target | AC102: Cq | AD102: Avg Cq | AE102: ∆Cq | AF102: ∆∆Cq | AG102: 2-∆∆Cq | AK102: Well Position | AL102: Sample | AM102: Target | AN102: Cq | AO102: Avg Cq | AP102: ∆Cq | AQ102: ∆∆Cq | AR102: 2-∆∆Cq | AV102: Well Position | AW102: Sample | AX102: Target | AY102: Cq | AZ102: Avg Cq | BA102: ∆Cq | BB102: ∆∆Cq | BC102: 2-∆∆Cq | BG102: Well Position | BH102: Sample | BI102: Target | BJ102: Cq | BK102: Avg Cq | BL102: ∆Cq | BM102: ∆∆Cq | BN102: 2-∆∆Cq
C103: =C45 -> 0 | D103: =D45 -> WT 24h | E103: =E45 -> GAPDH | F103: =F45 -> 20.427816 | G103: =G45 -> 20.471573 | O103: =O45 -> 0 | P103: =P45 -> Set 1 24h | Q103: =Q45 -> GAPDH | R103: =R45 -> 19.593802 | S103: =S45 -> 19.521473 | Z103: =Z45 -> 0 | AA103: =AA45 -> Set 2 24h | AB103: =AB45 -> GAPDH | AC103: =AC45 -> 17.46995 | AD103: =AD45 -> 17.5296 | AK103: =AK45 -> 0 | AL103: =AL45 -> Set 4 24h | AM103: =AM45 -> GAPDH | AN103: =AN45 -> 20.722142 | AO103: =AO45 -> 20.368307 | AV103: =AV45 -> 0 | AW103: =AW45 -> Set 5 24h | AX103: =AX45 -> GAPDH | AY103: =AY45 -> 20.722142 | AZ103: =AZ45 -> 20.368307 | BG103: =BG45 -> 0 | BH103: =BH45 -> GFP 24h | BI103: =BI45 -> GAPDH | BJ103: =BJ45 -> 0 | BK103: =BK45 -> 17.892146
C104: =C46 -> 0 | D104: =D46 -> WT 24h | E104: =E46 -> GAPDH | F104: =F46 -> 0 | O104: =O46 -> 0 | P104: =P46 -> Set 1 24h | Q104: =Q46 -> GAPDH | R104: =R46 -> 19.382193 | Z104: =Z46 -> 0 | AA104: =AA46 -> Set 2 24h | AB104: =AB46 -> GAPDH | AC104: =AC46 -> 17.578786 | AK104: =AK46 -> 0 | AL104: =AL46 -> Set 4 24h | AM104: =AM46 -> GAPDH | AN104: =AN46 -> 19.967785 | AV104: =AV46 -> 0 | AW104: =AW46 -> Set 5 24h | AX104: =AX46 -> GAPDH | AY104: =AY46 -> 19.967785 | BG104: =BG46 -> 0 | BH104: =BH46 -> GFP 24h | BI104: =BI46 -> GAPDH | BJ104: =BJ46 -> 17.845502
C105: =C47 -> 0 | D105: =D47 -> WT 24h | E105: =E47 -> GAPDH | F105: =F47 -> 20.51533 | O105: =O47 -> 0 | P105: =P47 -> Set 1 24h | Q105: =Q47 -> GAPDH | R105: =R47 -> 19.588425 | Z105: =Z47 -> 0 | AA105: =AA47 -> Set 2 24h | AB105: =AB47 -> GAPDH | AC105: =AC47 -> 17.540063 | AK105: =AK47 -> 0 | AL105: =AL47 -> Set 4 24h | AM105: =AM47 -> GAPDH | AN105: =AN47 -> 20.414992 | AV105: =AV47 -> 0 | AW105: =AW47 -> Set 5 24h | AX105: =AX47 -> GAPDH | AY105: =AY47 -> 20.414992 | BG105: =BG47 -> 0 | BH105: =BH47 -> GFP 24h | BI105: =BI47 -> GAPDH | BJ105: =BJ47 -> 17.93879
C106: =C48 -> 0 | D106: =D48 -> WT 24h | E106: =E48 -> GAPDH | F106: =F48 -> 0 | G106: =G48 -> 20.663111 | O106: =O48 -> 0 | P106: =P48 -> Set 1 24h | Q106: =Q48 -> GAPDH | R106: =R48 -> 17.611369 | S106: =S48 -> 17.648709 | Z106: =Z48 -> 0 | AA106: =AA48 -> Set 2 24h | AB106: =AB48 -> GAPDH | AC106: =AC48 -> 17.707659 | AD106: =AD48 -> 17.858728 | AK106: =AK48 -> 0 | AL106: =AL48 -> Set 4 24h | AM106: =AM48 -> GAPDH | AN106: =AN48 -> 20.630732 | AO106: =AO48 -> 20.320845 | AV106: =AV48 -> 0 | AW106: =AW48 -> Set 5 24h | AX106: =AX48 -> GAPDH | AY106: =AY48 -> 20.630732 | AZ106: =AZ48 -> 20.320845 | BG106: =BG48 -> 0 | BH106: =BH48 -> GFP 24h | BI106: =BI48 -> GAPDH | BJ106: =BJ48 -> 18.315127 | BK106: =BK48 -> 18.462492
C107: =C49 -> 0 | D107: =D49 -> WT 24h | E107: =E49 -> GAPDH | F107: =F49 -> 20.71529 | O107: =O49 -> 0 | P107: =P49 -> Set 1 24h | Q107: =Q49 -> GAPDH | R107: =R49 -> 17.628815 | Z107: =Z49 -> 0 | AA107: =AA49 -> Set 2 24h | AB107: =AB49 -> GAPDH | AC107: =AC49 -> 17.8579 | AK107: =AK49 -> 0 | AL107: =AL49 -> Set 4 24h | AM107: =AM49 -> GAPDH | AN107: =AN49 -> 20.256084 | AV107: =AV49 -> 0 | AW107: =AW49 -> Set 5 24h | AX107: =AX49 -> GAPDH | AY107: =AY49 -> 20.256084 | BG107: =BG49 -> 0 | BH107: =BH49 -> GFP 24h | BI107: =BI49 -> GAPDH | BJ107: =BJ49 -> 18.536358
C108: =C50 -> 0 | D108: =D50 -> WT 24h | E108: =E50 -> GAPDH | F108: =F50 -> 20.610931 | O108: =O50 -> 0 | P108: =P50 -> Set 1 24h | Q108: =Q50 -> GAPDH | R108: =R50 -> 17.705944 | Z108: =Z50 -> 0 | AA108: =AA50 -> Set 2 24h | AB108: =AB50 -> GAPDH | AC108: =AC50 -> 18.010625 | AK108: =AK50 -> 0 | AL108: =AL50 -> Set 4 24h | AM108: =AM50 -> GAPDH | AN108: =AN50 -> 20.075719 | AV108: =AV50 -> 0 | AW108: =AW50 -> Set 5 24h | AX108: =AX50 -> GAPDH | AY108: =AY50 -> 20.075719 | BG108: =BG50 -> 0 | BH108: =BH50 -> GFP 24h | BI108: =BI50 -> GAPDH | BJ108: =BJ50 -> 18.535992
C109: =C51 -> 0 | D109: =D51 -> WT 24h | E109: =E51 -> GAPDH | F109: =F51 -> 20.672207 | G109: =G51 -> 20.606235 | O109: =O51 -> 0 | P109: =P51 -> Set 1 24h | Q109: =Q51 -> GAPDH | R109: =R51 -> 19.22486 | S109: =S51 -> 19.241817 | Z109: =Z51 -> 0 | AA109: =AA51 -> Set 2 24h | AB109: =AB51 -> GAPDH | AC109: =AC51 -> 19.328557 | AD109: =AD51 -> 19.263755 | AK109: =AK51 -> 0 | AL109: =AL51 -> Set 4 24h | AM109: =AM51 -> GAPDH | AN109: =AN51 -> 19.142668 | AO109: =AO51 -> 19.237758 | AV109: =AV51 -> 0 | AW109: =AW51 -> Set 5 24h | AX109: =AX51 -> GAPDH | AY109: =AY51 -> 19.142668 | AZ109: =AZ51 -> 19.237758 | BG109: =BG51 -> 0 | BH109: =BH51 -> GFP 24h | BI109: =BI51 -> GAPDH | BJ109: =BJ51 -> 18.483091 | BK109: =BK51 -> 18.570622
C110: =C52 -> 0 | D110: =D52 -> WT 24h | E110: =E52 -> GAPDH | F110: =F52 -> 0 | O110: =O52 -> 0 | P110: =P52 -> Set 1 24h | Q110: =Q52 -> GAPDH | R110: =R52 -> 19.644558 | Z110: =Z52 -> 0 | AA110: =AA52 -> Set 2 24h | AB110: =AB52 -> GAPDH | AC110: =AC52 -> 19.610464 | AK110: =AK52 -> 0 | AL110: =AL52 -> Set 4 24h | AM110: =AM52 -> GAPDH | AN110: =AN52 -> 19.318447 | AV110: =AV52 -> 0 | AW110: =AW52 -> Set 5 24h | AX110: =AX52 -> GAPDH | AY110: =AY52 -> 19.318447 | BG110: =BG52 -> 0 | BH110: =BH52 -> GFP 24h | BI110: =BI52 -> GAPDH | BJ110: =BJ52 -> 18.980717
C111: =C53 -> 0 | D111: =D53 -> WT 24h | E111: =E53 -> GAPDH | F111: =F53 -> 20.540263 | O111: =O53 -> 0 | P111: =P53 -> Set 1 24h | Q111: =Q53 -> GAPDH | R111: =R53 -> 18.856033 | Z111: =Z53 -> 0 | AA111: =AA53 -> Set 2 24h | AB111: =AB53 -> GAPDH | AC111: =AC53 -> 18.852243 | AK111: =AK53 -> 0 | AL111: =AL53 -> Set 4 24h | AM111: =AM53 -> GAPDH | AN111: =AN53 -> 19.252159 | AV111: =AV53 -> 0 | AW111: =AW53 -> Set 5 24h | AX111: =AX53 -> GAPDH | AY111: =AY53 -> 19.252159 | BG111: =BG53 -> 0 | BH111: =BH53 -> GFP 24h | BI111: =BI53 -> GAPDH | BJ111: =BJ53 -> 18.248058
A114: Gene 1 | B114: =E54 -> nsP3 | C114: =C43 -> WT 24h | O114: =O43 -> Set 1 24h | Z114: =Z43 -> Set 2 24h | AK114: =AK43 -> Set 4 24h | AV114: =AX3 -> Set 5 24h | BG114: =BI3 -> GFP 24h
C115: Well Position | D115: Sample | E115: Target | F115: Cq | G115: Avg Cq | H115: ∆Cq | I115: Avg ∆Cq | J115: ∆∆Cq | K115: 2-∆∆Cq | O115: Well Position | P115: Sample | Q115: Target | R115: Cq | S115: Avg Cq | T115: ∆Cq | U115: ∆∆Cq | V115: 2-∆∆Cq | Z115: Well Position | AA115: Sample | AB115: Target | AC115: Cq | AD115: Avg Cq | AE115: ∆Cq | AF115: ∆∆Cq | AG115: 2-∆∆Cq | AK115: Well Position | AL115: Sample | AM115: Target | AN115: Cq | AO115: Avg Cq | AP115: ∆Cq | AQ115: ∆∆Cq | AR115: 2-∆∆Cq | AV115: Well Position | AW115: Sample | AX115: Target | AY115: Cq | AZ115: Avg Cq | BA115: ∆Cq | BB115: ∆∆Cq | BC115: 2-∆∆Cq | BG115: Well Position | BH115: Sample | BI115: Target | BJ115: Cq | BK115: Avg Cq | BL115: ∆Cq | BM115: ∆∆Cq | BN115: 2-∆∆Cq
C116: =C54 -> 0 | D116: =D54 -> WT 24h | E116: =E54 -> nsP3 | F116: =F54 -> 0 | G116: =G54 -> 18.462688 | H116: =H54 -> -2.0088851 | I116: =I54 -> -1.918063 | J116: =J54 -> -0.090822117 | K116: =K54 -> 1.0649769 | O116: =O54 -> 0 | P116: =P54 -> Set 1 24h | Q116: =Q54 -> nsP3 | R116: =R54 -> 19.075895 | S116: =S54 -> 18.867162 | T116: =T54 -> -0.65431147 | U116: =U54 -> 1.2637515 | V116: =V54 -> 0.41645961 | Z116: =Z54 -> 0 | AA116: =AA54 -> Set 2 24h | AB116: =AB54 -> nsP3 | AC116: =AC54 -> 18.231773 | AD116: =AD54 -> 18.070737 | AE116: =AE54 -> 0.54113764 | AF116: =AF54 -> 2.4592006 | AG116: =AG54 -> 0.1818473 | AK116: =AK54 -> 0 | AL116: =AL54 -> Set 4 24h | AM116: =AM54 -> nsP3 | AN116: =AN54 -> 20.782261 | AO116: =AO54 -> 20.708842 | AP116: =AP54 -> 0.3405353 | AQ116: =AQ54 -> 2.2585983 | AR116: =AR54 -> 0.20897492 | AV116: =AV54 -> 0 | AW116: =AW54 -> Set 5 24h | AX116: =AX54 -> nsP3 | AY116: =AY54 -> 0 | AZ116: =AZ54 -> 18.88954 | BA116: =BA54 -> -1.4787667 | BB116: =BB54 -> 0.43929626 | BC116: =BC54 -> 0.73749427 | BG116: =BG54 -> 0 | BH116: =BH54 -> GFP 24h | BI116: =BI54 -> nsP3 | BJ116: =BJ54 -> 17.757053 | BK116: =BK54 -> 17.463924 | BL116: =BL54 -> -0.42822189 | BM116: =BM54 -> 1.4898411 | BN116: =BN54 -> 0.35605176
C117: =C55 -> 0 | D117: =D55 -> WT 24h | E117: =E55 -> nsP3 | F117: =F55 -> 0 | O117: =O55 -> 0 | P117: =P55 -> Set 1 24h | Q117: =Q55 -> nsP3 | R117: =R55 -> 18.406874 | Z117: =Z55 -> 0 | AA117: =AA55 -> Set 2 24h | AB117: =AB55 -> nsP3 | AC117: =AC55 -> 17.814543 | AK117: =AK55 -> 0 | AL117: =AL55 -> Set 4 24h | AM117: =AM55 -> nsP3 | AN117: =AN55 -> 20.611873 | AV117: =AV55 -> 0 | AW117: =AW55 -> Set 5 24h | AX117: =AX55 -> nsP3 | AY117: =AY55 -> 0 | BG117: =BG55 -> 0 | BH117: =BH55 -> GFP 24h | BI117: =BI55 -> nsP3 | BJ117: =BJ55 -> 17.049854
C118: =C56 -> 0 | D118: =D56 -> WT 24h | E118: =E56 -> nsP3 | F118: =F56 -> 18.462688 | O118: =O56 -> 0 | P118: =P56 -> Set 1 24h | Q118: =Q56 -> nsP3 | R118: =R56 -> 19.118717 | Z118: =Z56 -> 0 | AA118: =AA56 -> Set 2 24h | AB118: =AB56 -> nsP3 | AC118: =AC56 -> 18.165897 | AK118: =AK56 -> 0 | AL118: =AL56 -> Set 4 24h | AM118: =AM56 -> nsP3 | AN118: =AN56 -> 20.732391 | AV118: =AV56 -> 0 | AW118: =AW56 -> Set 5 24h | AX118: =AX56 -> nsP3 | AY118: =AY56 -> 18.88954 | BG118: =BG56 -> 0 | BH118: =BH56 -> GFP 24h | BI118: =BI56 -> nsP3 | BJ118: =BJ56 -> 17.584865
C119: =C57 -> 0 | D119: =D57 -> WT 24h | E119: =E57 -> nsP3 | F119: =F57 -> 19.064071 | G119: =G57 -> 18.70445 | H119: =H57 -> -1.9586608 | J119: =J57 -> -0.04059784 | K119: =K57 -> 1.02854 | O119: =O57 -> 0 | P119: =P57 -> Set 1 24h | Q119: =Q57 -> nsP3 | R119: =R57 -> 18.110747 | S119: =S57 -> 17.858329 | T119: =T57 -> 0.20961933 | U119: =U57 -> 2.1276823 | V119: =V57 -> 0.22882517 | Z119: =Z57 -> 0 | AA119: =AA57 -> Set 2 24h | AB119: =AB57 -> nsP3 | AC119: =AC57 -> 18.207993 | AD119: =AD57 -> 17.751046 | AE119: =AE57 -> -0.10768172 | AF119: =AF57 -> 1.8103813 | AG119: =AG57 -> 0.28511557 | AK119: =AK57 -> 0 | AL119: =AL57 -> Set 4 24h | AM119: =AM57 -> nsP3 | AN119: =AN57 -> 20.940366 | AO119: =AO57 -> 20.798444 | AP119: =AP57 -> 0.47759874 | AQ119: =AQ57 -> 2.3956617 | AR119: =AR57 -> 0.19003516 | AV119: =AV57 -> 0 | AW119: =AW57 -> Set 5 24h | AX119: =AX57 -> nsP3 | AY119: =AY57 -> 0 | AZ119: =AZ57 -> 19.140345 | BA119: =BA57 -> -1.1805004 | BB119: =BB57 -> 0.73756263 | BC119: =BC57 -> 0.59975175 | BG119: =BG57 -> 0 | BH119: =BH57 -> GFP 24h | BI119: =BI57 -> nsP3 | BJ119: =BJ57 -> 17.027959 | BK119: =BK57 -> 17.037905 | BL119: =BL57 -> -1.4245872 | BM119: =BM57 -> 0.49347578 | BN119: =BN57 -> 0.71031173
C120: =C58 -> 0 | D120: =D58 -> WT 24h | E120: =E58 -> nsP3 | F120: =F58 -> 18.513969 | O120: =O58 -> 0 | P120: =P58 -> Set 1 24h | Q120: =Q58 -> nsP3 | R120: =R58 -> 18.264739 | Z120: =Z58 -> 0 | AA120: =AA58 -> Set 2 24h | AB120: =AB58 -> nsP3 | AC120: =AC58 -> 17.825047 | AK120: =AK58 -> 0 | AL120: =AL58 -> Set 4 24h | AM120: =AM58 -> nsP3 | AN120: =AN58 -> 20.643332 | AV120: =AV58 -> 0 | AW120: =AW58 -> Set 5 24h | AX120: =AX58 -> nsP3 | AY120: =AY58 -> 0 | BG120: =BG58 -> 0 | BH120: =BH58 -> GFP 24h | BI120: =BI58 -> nsP3 | BJ120: =BJ58 -> 17.047851
...

Sheet Bar Graphs_1
B11: Individual Genes | U11: All Genes
C13: Gene 1
C14: =Calculations_1!B54 -> nsP3
C15: Sample | D15: 2-∆∆Cq | E15: Avg. 2-∆∆Cq | F15: Std. Dev 2-∆∆Cq | H15: =(B16) & "x" -> WT 24hx | I15: =B16 -> WT 24h | J15: =B19 & "x" -> Set 1 24hx | K15: =B19 -> Set 1 24h | L15: =B22 & "x" -> Set 2 24hx | M15: =B22 -> Set 2 24h | N15: =B25 & "x" -> Set 4 24hx | O15: =B25 -> Set 4 24h | P15: =B28 & "x" -> Set 5 24hx | Q15: =B28 -> Set 5 24h | R15: =B31 & "x" -> GFP 24hx | S15: =B31 -> GFP 24h
B16: =Calculations_1!E3 -> WT 24h | C16: =Calculations_1!D54 -> WT 24h | D16: =Calculations_1!K54 -> 1.0649769 | E16: =AVERAGE(D16:D18) -> 1.0021498 | F16: =STDEV(D16:D18) -> 0.079383298 | H16: 1.002 | I16: =D16 -> 1.0649769 | J16: 2.002 | K16: =D19 -> 0.41645961 | L16: 3.002 | M16: =D22 -> 0.1818473 | N16: 4.002 | O16: =D25 -> 0.20897492 | P16: 5.002 | Q16: =D28 -> 0.73749427 | R16: 6.002 | S16: =D31 -> 0.35605176
C17: =Calculations_1!D57 -> WT 24h | D17: =Calculations_1!K57 -> 1.02854 | H17: 1.002 | I17: =D17 -> 1.02854 | J17: 2.002 | K17: =D20 -> 0.22882517 | L17: 3.002 | M17: =D23 -> 0.28511557 | N17: 4.002 | O17: =D26 -> 0.19003516 | P17: 5.002 | Q17: =D29 -> 0.59975175 | R17: 6.002 | S17: =D32 -> 0.71031173 | U17: Avg. 2-∆∆Cq | AD17: Std. Dev 2-∆∆Cq
C18: =Calculations_1!D60 -> WT 24h | D18: =Calculations_1!K60 -> 0.91293246 | H18: 1.002 | I18: =D18 -> 0.91293246 | J18: 2.002 | K18: =D21 -> 0.22624804 | L18: 3.002 | M18: =D24 -> 0.18354682 | N18: 4.002 | O18: =D27 -> 0.23706943 | P18: 5.002 | Q18: =D30 -> 0.41010839 | R18: 6.002 | S18: =D33 -> 0.50476948 | W18: =Calculations_1!E3 -> WT 24h | X18: =Calculations_1!Q3 -> Set 1 24h | Y18: =Calculations_1!AB3 -> Set 2 24h | Z18: =Calculations_1!AM3 -> Set 4 24h | AA18: =Calculations_1!AX3 -> Set 5 24h | AB18: =Calculations_1!BI3 -> GFP 24h | AF18: =Calculations_1!E3 -> WT 24h | AG18: =Calculations_1!Q3 -> Set 1 24h | AH18: =Calculations_1!AB3 -> Set 2 24h | AI18: =Calculations_1!AM3 -> Set 4 24h | AJ18: =Calculations_1!AX3 -> Set 5 24h | AK18: =Calculations_1!BI3 -> GFP 24h
B19: =Calculations_1!Q3 -> Set 1 24h | C19: =Calculations_1!P54 -> Set 1 24h | D19: =Calculations_1!V54 -> 0.41645961 | E19: =AVERAGE(D19:D21) -> 0.29051094 | F19: =STDEV(D19:D21) -> 0.10908236 | U19: Gene 1 | V19: =C14 -> nsP3 | W19: =I21 -> 1.0021498 | X19: =J21 -> 0.29051094 | Y19: =K21 -> 0.21683656 | Z19: =L21 -> 0.2120265 | AA19: =M21 -> 0.58245147 | AB19: =N21 -> 0.52371099 | AD19: Gene 1 | AE19: =C14 -> nsP3 | AF19: =I22 -> 0.079383298 | AG19: =J22 -> 0.10908236 | AH19: =K22 -> 0.059137461 | AI19: =L22 -> 0.023665159 | AJ19: =M22 -> 0.16437716 | AK19: =N22 -> 0.17788793
C20: =Calculations_1!P57 -> Set 1 24h | D20: =Calculations_1!V57 -> 0.22882517 | I20: =B16 -> WT 24h | J20: =B19 -> Set 1 24h | K20: =B22 -> Set 2 24h | L20: =B25 -> Set 4 24h | M20: =B28 -> Set 5 24h | N20: =B31 -> GFP 24h | U20: Gene 2 | V20: =C54 -> GFP | W20: =I61 -> 1.003724 | X20: =J61 -> 0.45288132 | Y20: =K61 -> 0.31368927 | Z20: =L61 -> 0.81987007 | AA20: =M61 -> 1.0299548 | AB20: =N61 -> 0.16684148 | AD20: Gene 2 | AE20: =C54 -> GFP | AF20: =I62 -> 0.10369401 | AG20: =J62 -> 0.2169084 | AH20: =K62 -> 0.008014935 | AI20: =L62 -> 0.053682217 | AJ20: =M62 -> 0.67235078 | AK20: =N62 -> 0.063088649
C21: =Calculations_1!P60 -> Set 1 24h | D21: =Calculations_1!V60 -> 0.22624804 | H21: Avg. 2-∆∆Cq | I21: =E16 -> 1.0021498 | J21: =E19 -> 0.29051094 | K21: =E22 -> 0.21683656 | L21: =E25 -> 0.2120265 | M21: =E28 -> 0.58245147 | N21: =E31 -> 0.52371099 | U21: Gene 3 | V21: =C94 -> RIG1 | W21: =I101 -> 1.0022225 | X21: =J101 -> 0.16694847 | Y21: =K101 -> 0.20795825 | Z21: =L101 -> 0.1797685 | AA21: =M101 -> 0.33544116 | AB21: =N101 -> 1.1604318 | AD21: Gene 3 | AE21: =C94 -> RIG1 | AF21: =I102 -> 0.082968366 | AG21: =J102 -> 0.018962508 | AH21: =K102 -> 0.014103058 | AI21: =L102 -> 0.039527591 | AJ21: =M102 -> 0.18294603 | AK21: =N102 -> 0.02597946
B22: =Calculations_1!AB3 -> Set 2 24h | C22: =Calculations_1!AA54 -> Set 2 24h | D22: =Calculations_1!AG54 -> 0.1818473 | E22: =AVERAGE(D22:D24) -> 0.21683656 | F22: =STDEV(D22:D24) -> 0.059137461 | H22: Std. Dev 2-∆∆Cq | I22: =F16 -> 0.079383298 | J22: =F19 -> 0.10908236 | K22: =F22 -> 0.059137461 | L22: =F25 -> 0.023665159 | M22: =F28 -> 0.16437716 | N22: =F31 -> 0.17788793 | U22: Gene 4 | V22: =C134 -> MDA5 | W22: =I141 -> 1.0141266 | X22: =J141 -> 0.10527146 | Y22: =K141 -> 0.28758417 | Z22: =L141 -> 0.037186731 | AA22: =M141 -> 0.05338302 | AB22: =N141 -> 2.1024135 | AD22: Gene 4 | AE22: =C134 -> MDA5 | AF22: =I142 -> 0.21143867 | AG22: =J142 -> 0.039558395 | AH22: =K142 -> 0.041113971 | AI22: =L142 -> 0.01209565 | AJ22: =M142 -> 0.045971734 | AK22: =N142 -> 0.084450381
C23: =Calculations_1!AA57 -> Set 2 24h | D23: =Calculations_1!AG57 -> 0.28511557 | U23: Gene 5 | V23: =C174 -> IFIT | W23: =I181 -> 1.0078069 | X23: =J181 -> 0.24685267 | Y23: =K181 -> 0.60513266 | Z23: =L181 -> 0.31041229 | AA23: =M181 -> 0.30104997 | AB23: =N181 -> 2.0210197 | AD23: Gene 5 | AE23: =C174 -> IFIT | AF23: =I182 -> 0.15605652 | AG23: =J182 -> 0.081462642 | AH23: =K182 -> 0.1247813 | AI23: =L182 -> 0.11411621 | AJ23: =M182 -> 0.12035984 | AK23: =N182 -> 0.13014609
C24: =Calculations_1!AA60 -> Set 2 24h | D24: =Calculations_1!AG60 -> 0.18354682
B25: =Calculations_1!AM3 -> Set 4 24h | C25: =Calculations_1!AL54 -> Set 4 24h | D25: =Calculations_1!AR54 -> 0.20897492 | E25: =AVERAGE(D25:D27) -> 0.2120265 | F25: =STDEV(D25:D27) -> 0.023665159
C26: =Calculations_1!AL57 -> Set 4 24h | D26: =Calculations_1!AR57 -> 0.19003516
C27: =Calculations_1!AL60 -> Set 4 24h | D27: =Calculations_1!AR60 -> 0.23706943
B28: =Calculations_1!AX3 -> Set 5 24h | C28: =Calculations_1!AW54 -> Set 5 24h | D28: =Calculations_1!BC54 -> 0.73749427 | E28: =AVERAGE(D28:D30) -> 0.58245147 | F28: =STDEV(D28:D30) -> 0.16437716 | W28: =X28 & "x" -> WT 24hx | X28: =Calculations_1!E3 -> WT 24h | Y28: =Z28 & "x" -> Set 1 24hx | Z28: =Calculations_1!Q3 -> Set 1 24h | AA28: =AB28 & "x" -> Set 2 24hx | AB28: =Calculations_1!AB3 -> Set 2 24h | AC28: =AD28 & "x" -> Set 4 24hx | AD28: =Calculations_1!AM3 -> Set 4 24h | AE28: =AF28 & "x" -> Set 5 24hx | AF28: =Calculations_1!AX3 -> Set 5 24h | AG28: =AH28 & "x" -> GFP 24hx | AH28: =Calculations_1!BI3 -> GFP 24h
C29: =Calculations_1!AW57 -> Set 5 24h | D29: =Calculations_1!BC57 -> 0.59975175 | U29: Gene 1 | V29: =C14 -> nsP3 | W29: 0.6947 | X29: =I16 -> 1.0649769 | Y29: =W29+1 -> 1.6947 | Z29: =K16 -> 0.41645961 | AA29: =W29+2 -> 2.6947 | AB29: =M16 -> 0.1818473 | AC29: =3+W29 -> 3.6947 | AD29: =O16 -> 0.20897492 | AE29: =4+W29 -> 4.6947 | AF29: =Q16 -> 0.73749427 | AG29: =5+W29 -> 5.6947 | AH29: =S16 -> 0.35605176
C30: =Calculations_1!AW60 -> Set 5 24h | D30: =Calculations_1!BC60 -> 0.41010839 | W30: =W29 -> 0.6947 | X30: =I17 -> 1.02854 | Y30: =W30+1 -> 1.6947 | Z30: =K17 -> 0.22882517 | AA30: =W30+2 -> 2.6947 | AB30: =M17 -> 0.28511557 | AC30: =3+W30 -> 3.6947 | AD30: =O17 -> 0.19003516 | AE30: =4+W30 -> 4.6947 | AF30: =Q17 -> 0.59975175 | AG30: =5+W30 -> 5.6947 | AH30: =S17 -> 0.71031173
B31: =Calculations_1!BI3 -> GFP 24h | C31: =Calculations_1!BH54 -> GFP 24h | D31: =Calculations_1!BN54 -> 0.35605176 | E31: =AVERAGE(D31:D33) -> 0.52371099 | F31: =STDEV(D31:D33) -> 0.17788793 | W31: =W29 -> 0.6947 | X31: =I18 -> 0.91293246 | Y31: =W31+1 -> 1.6947 | Z31: =K18 -> 0.22624804 | AA31: =W31+2 -> 2.6947 | AB31: =M18 -> 0.18354682 | AC31: =3+W31 -> 3.6947 | AD31: =O18 -> 0.23706943 | AE31: =4+W31 -> 4.6947 | AF31: =Q18 -> 0.41010839 | AG31: =5+W31 -> 5.6947 | AH31: =S18 -> 0.50476948
C32: =Calculations_1!BH57 -> GFP 24h | D32: =Calculations_1!BN57 -> 0.71031173 | U32: Gene 2 | V32: =C54 -> GFP | W32: 0.8479 | X32: =I56 -> 1.056759 | Y32: =W32+1 -> 1.8479 | Z32: =K56 -> 0.69367656 | AA32: =W32+2 -> 2.8479 | AB32: =M56 -> 0.30950713 | AC32: =3+W32 -> 3.8479 | AD32: =O56 -> 0.83292123 | AE32: =4+W32 -> 4.8479 | AF32: =Q56 -> 1.8018019 | AG32: =5+W32 -> 5.8479 | AH32: =S56 -> 0.10088557
C33: =Calculations_1!BH60 -> GFP 24h | D33: =Calculations_1!BN60 -> 0.50476948 | W33: =W32 -> 0.8479 | X33: =I57 -> 1.0701737 | Y33: =W33+1 -> 1.8479 | Z33: =K57 -> 0.27279708 | AA33: =W33+2 -> 2.8479 | AB33: =M57 -> 0.32293026 | AC33: =3+W33 -> 3.8479 | AD33: =O57 -> 0.86582335 | AE33: =4+W33 -> 4.8479 | AF33: =Q57 -> 0.7164504 | AG33: =5+W33 -> 5.8479 | AH33: =S57 -> 0.22660639
W34: =W32 -> 0.8479 | X34: =I58 -> 0.8842392 | Y34: =W34+1 -> 1.8479 | Z34: =K58 -> 0.39217031 | AA34: =2+W34 -> 2.8479 | AB34: =M58 -> 0.30863041 | AC34: =3+W34 -> 3.8479 | AD34: =O58 -> 0.76086563 | AE34: =4+W34 -> 4.8479 | AF34: =Q58 -> 0.571612 | AG34: =5+W34 -> 5.8479 | AH34: =S58 -> 0.17303247
U35: Gene 3 | V35: =C94 -> RIG1 | W35: 1 | X35: =I96 -> 0.95915336 | Y35: =W35+1 -> 2 | Z35: =K96 -> 0.17263369 | AA35: =2+W35 -> 3 | AB35: =M96 -> 0.20363481 | AC35: =3+W35 -> 4 | AD35: =O96 -> 0.15618701 | AE35: =4+W35 -> 5 | AF35: =Q96 -> 0.54603344 | AG35: =5+W35 -> 6 | AH35: =S96 -> 1.1544474
W36: =W35 -> 1 | X36: =I97 -> 1.0978688 | Y36: =W36+1 -> 2 | Z36: =K97 -> 0.14579369 | AA36: =2+W36 -> 3 | AB36: =M97 -> 0.19652303 | AC36: =3+W36 -> 4 | AD36: =O97 -> 0.22540249 | AE36: =4+W36 -> 5 | AF36: =Q97 -> 0.21574294 | AG36: =5+W36 -> 6 | AH36: =S97 -> 1.1888813
W37: =W36 -> 1 | X37: =I98 -> 0.9496455 | Y37: =W37+1 -> 2 | Z37: =K98 -> 0.18241802 | AA37: =2+W37 -> 3 | AB37: =M98 -> 0.22371693 | AC37: =3+W37 -> 4 | AD37: =O98 -> 0.157716 | AE37: =4+W37 -> 5 | AF37: =Q98 -> 0.2445471 | AG37: =5+W37 -> 6 | AH37: =S98 -> 1.1379668
U38: Gene 4 | V38: =C134 -> MDA5 | W38: 1.157 | X38: =I136 -> 0.95731126 | Y38: =W38+1 -> 2.157 | Z38: =K136 -> 0.13073718 | AA38: =2+W38 -> 3.157 | AB38: =M136 -> 0.2773961 | AC38: =3+W38 -> 4.157 | AD38: =O136 -> 0.050831044 | AE38: =4+W38 -> 5.157 | AF38: =Q136 -> 0.10646656 | AG38: =5+W38 -> 6.157 | AH38: =S136 -> 2.0542703
W39: =W38 -> 1.157 | X39: =I137 -> 1.2481682 | Y39: =W39+1 -> 2.157 | Z39: =K137 -> 0.12537895 | AA39: =2+W39 -> 3.157 | AB39: =M137 -> 0.33283429 | AC39: =3+W39 -> 4.157 | AD39: =O137 -> 0.027780139 | AE39: =4+W39 -> 5.157 | AF39: =Q137 -> 0.02690189 | AG39: =5+W39 -> 6.157 | AH39: =S137 -> 2.0530444
W40: =W38 -> 1.157 | X40: =I138 -> 0.83690029 | Y40: =W40+1 -> 2.157 | Z40: =K138 -> 0.059698233 | AA40: =2+W40 -> 3.157 | AB40: =M138 -> 0.25252212 | AC40: =3+W40 -> 4.157 | AD40: =O138 -> 0.032949011 | AE40: =4+W40 -> 5.157 | AF40: =Q138 -> 0.026780611 | AG40: =5+W40 -> 6.157 | AH40: =S138 -> 2.1999259
U41: Gene 5 | V41: =C174 -> IFIT | W41: 1.305 | X41: =I176 -> 0.87671095 | Y41: =W41+1 -> 2.305 | Z41: =K176 -> 0.22329541 | AA41: =2+W41 -> 3.305 | AB41: =M176 -> 0.50860097 | AC41: =3+W41 -> 4.305 | AD41: =O176 -> 0.43754655 | AE41: =4+W41 -> 5.305 | AF41: =Q176 -> 0.43458713 | AG41: =5+W41 -> 6.305 | AH41: =S176 -> 2.0745044
W42: =W41 -> 1.305 | X42: =I177 -> 1.1804251 | Y42: =W42+1 -> 2.305 | Z42: =K177 -> 0.33749799 | AA42: =2+W42 -> 3.305 | AB42: =M177 -> 0.74603541 | AC42: =3+W42 -> 4.305 | AD42: =O177 -> 0.27684799 | AE42: =4+W42 -> 5.305 | AF42: =Q177 -> 0.2009293 | AG42: =5+W42 -> 6.305 | AH42: =S177 -> 2.115902
W43: =W42 -> 1.305 | X43: =I178 -> 0.96628477 | Y43: =W43+1 -> 2.305 | Z43: =K178 -> 0.17976462 | AA43: =2+W43 -> 3.305 | AB43: =M178 -> 0.56076161 | AC43: =3+W43 -> 4.305 | AD43: =O178 -> 0.21684233 | AE43: =4+W43 -> 5.305 | AF43: =Q178 -> 0.26763347 | AG43: =5+W43 -> 6.305 | AH43: =S178 -> 1.8726528
C53: Gene 2
C54: =Calculations_1!B63 -> GFP
C55: Sample | D55: 2-∆∆Cq | E55: Avg. 2-∆∆Cq | F55: Std. Dev 2-∆∆Cq | H55: =(B56) & "x" -> WT 24hx | I55: =B56 -> WT 24h | J55: =B59 & "x" -> Set 1 24hx | K55: =B59 -> Set 1 24h | L55: =B62 & "x" -> Set 2 24hx | M55: =B62 -> Set 2 24h | N55: =B65 & "x" -> Set 4 24hx | O55: =B65 -> Set 4 24h | P55: =B68 & "x" -> Set 5 24hx | Q55: =B68 -> Set 5 24h | R55: =B71 & "x" -> GFP 24hx | S55: =B71 -> GFP 24h
B56: =Calculations_1!E3 -> WT 24h | C56: =Calculations_1!D63 -> WT 24h | D56: =Calculations_1!K63 -> 1.056759 | E56: =AVERAGE(D56:D58) -> 1.003724 | F56: =STDEV(D56:D58) -> 0.10369401 | H56: 1.002 | I56: =D56 -> 1.056759 | J56: 2.002 | K56: =D59 -> 0.69367656 | L56: 3.002 | M56: =D62 -> 0.30950713 | N56: 4.002 | O56: =D65 -> 0.83292123 | P56: 5.002 | Q56: =D68 -> 1.8018019 | R56: 6.002 | S56: =D71 -> 0.10088557
C57: =Calculations_1!D66 -> WT 24h | D57: =Calculations_1!K66 -> 1.0701737 | H57: 1.002 | I57: =D57 -> 1.0701737 | J57: 2.002 | K57: =D60 -> 0.27279708 | L57: 3.002 | M57: =D63 -> 0.32293026 | N57: 4.002 | O57: =D66 -> 0.86582335 | P57: 5.002 | Q57: =D69 -> 0.7164504 | R57: 6.002 | S57: =D72 -> 0.22660639
C58: =Calculations_1!D69 -> WT 24h | D58: =Calculations_1!K69 -> 0.8842392 | H58: 1.002 | I58: =D58 -> 0.8842392 | J58: 2.002 | K58: =D61 -> 0.39217031 | L58: 3.002 | M58: =D64 -> 0.30863041 | N58: 4.002 | O58: =D67 -> 0.76086563 | P58: 5.002 | Q58: =D70 -> 0.571612 | R58: 6.002 | S58: =D73 -> 0.17303247
B59: =Calculations_1!Q3 -> Set 1 24h | C59: =Calculations_1!P63 -> Set 1 24h | D59: =Calculations_1!V63 -> 0.69367656 | E59: =AVERAGE(D59:D61) -> 0.45288132 | F59: =STDEV(D59:D61) -> 0.2169084
C60: =Calculations_1!P66 -> Set 1 24h | D60: =Calculations_1!V66 -> 0.27279708 | I60: =B56 -> WT 24h | J60: =B59 -> Set 1 24h | K60: =B62 -> Set 2 24h | L60: =B65 -> Set 4 24h | M60: =B68 -> Set 5 24h | N60: =B71 -> GFP 24h
C61: =Calculations_1!P69 -> Set 1 24h | D61: =Calculations_1!V69 -> 0.39217031 | H61: Avg. 2-∆∆Cq | I61: =E56 -> 1.003724 | J61: =E59 -> 0.45288132 | K61: =E62 -> 0.31368927 | L61: =E65 -> 0.81987007 | M61: =E68 -> 1.0299548 | N61: =E71 -> 0.16684148 | U61: Avg. 2-∆∆Cq | AB61: Std. Dev 2-∆∆Cq
B62: =Calculations_1!AB3 -> Set 2 24h | C62: =Calculations_1!AA63 -> Set 2 24h | D62: =Calculations_1!AG63 -> 0.30950713 | E62: =AVERAGE(D62:D64) -> 0.31368927 | F62: =STDEV(D62:D64) -> 0.008014935 | H62: Std. Dev 2-∆∆Cq | I62: =F56 -> 0.10369401 | J62: =F59 -> 0.2169084 | K62: =F62 -> 0.008014935 | L62: =F65 -> 0.053682217 | M62: =F68 -> 0.67235078 | N62: =F71 -> 0.063088649 | V62: Gene 1 | W62: Gene 2 | X62: Gene 3 | Y62: Gene 4 | Z62: Gene 5 | AC62: Gene 1 | AD62: Gene 2 | AE62: Gene 3 | AF62: Gene 4 | AG62: Gene 5
C63: =Calculations_1!AA66 -> Set 2 24h | D63: =Calculations_1!AG66 -> 0.32293026 | V63: =V19 -> nsP3 | W63: =V20 -> GFP | X63: =V21 -> RIG1 | Y63: =V22 -> MDA5 | Z63: =V23 -> IFIT | AC63: =AE19 -> nsP3 | AD63: =AE20 -> GFP | AE63: =AE21 -> RIG1 | AF63: =AE22 -> MDA5 | AG63: =AE23 -> IFIT
C64: =Calculations_1!AA69 -> Set 2 24h | D64: =Calculations_1!AG69 -> 0.30863041 | U64: =Calculations_1!E3 -> WT 24h | V64: =W19 -> 1.0021498 | W64: =W20 -> 1.003724 | X64: =W21 -> 1.0022225 | Y64: =W22 -> 1.0141266 | Z64: =W23 -> 1.0078069 | AB64: =Calculations_1!E3 -> WT 24h | AC64: =AF19 -> 0.079383298 | AD64: =AF20 -> 0.10369401 | AE64: =AF21 -> 0.082968366 | AF64: =AF22 -> 0.21143867 | AG64: =AF23 -> 0.15605652
B65: =Calculations_1!AM3 -> Set 4 24h | C65: =Calculations_1!AL63 -> Set 4 24h | D65: =Calculations_1!AR63 -> 0.83292123 | E65: =AVERAGE(D65:D67) -> 0.81987007 | F65: =STDEV(D65:D67) -> 0.053682217 | U65: =Calculations_1!Q3 -> Set 1 24h | V65: =X19 -> 0.29051094 | W65: =X20 -> 0.45288132 | X65: =X21 -> 0.16694847 | Y65: =X22 -> 0.10527146 | Z65: =X23 -> 0.24685267 | AB65: =Calculations_1!Q3 -> Set 1 24h | AC65: =AG19 -> 0.10908236 | AD65: =AG20 -> 0.2169084 | AE65: =AG21 -> 0.018962508 | AF65: =AG22 -> 0.039558395 | AG65: =AG23 -> 0.081462642
C66: =Calculations_1!AL66 -> Set 4 24h | D66: =Calculations_1!AR66 -> 0.86582335 | U66: =Calculations_1!AB3 -> Set 2 24h | V66: =Y19 -> 0.21683656 | W66: =Y20 -> 0.31368927 | X66: =Y21 -> 0.20795825 | Y66: =Y22 -> 0.28758417 | Z66: =Y23 -> 0.60513266 | AB66: =Calculations_1!AB3 -> Set 2 24h | AC66: =AH19 -> 0.059137461 | AD66: =AH20 -> 0.008014935 | AE66: =AH21 -> 0.014103058 | AF66: =AH22 -> 0.041113971 | AG66: =AH23 -> 0.1247813
C67: =Calculations_1!AL69 -> Set 4 24h | D67: =Calculations_1!AR69 -> 0.76086563 | U67: =Calculations_1!AM3 -> Set 4 24h | V67: =Z19 -> 0.2120265 | W67: =Z20 -> 0.81987007 | X67: =Z21 -> 0.1797685 | Y67: =Z22 -> 0.037186731 | Z67: =Z23 -> 0.31041229 | AB67: =Calculations_1!AM3 -> Set 4 24h | AC67: =AI19 -> 0.023665159 | AD67: =AI20 -> 0.053682217 | AE67: =AI21 -> 0.039527591 | AF67: =AI22 -> 0.01209565 | AG67: =AI23 -> 0.11411621
B68: =Calculations_1!AX3 -> Set 5 24h | C68: =Calculations_1!AW63 -> Set 5 24h | D68: =Calculations_1!BC63 -> 1.8018019 | E68: =AVERAGE(D68:D70) -> 1.0299548 | F68: =STDEV(D68:D70) -> 0.67235078 | U68: =Calculations_1!AX3 -> Set 5 24h | V68: =AA19 -> 0.58245147 | W68: =AA20 -> 1.0299548 | X68: =AA21 -> 0.33544116 | Y68: =AA22 -> 0.05338302 | Z68: =AA23 -> 0.30104997 | AB68: =Calculations_1!AX3 -> Set 5 24h | AC68: =AJ19 -> 0.16437716 | AD68: =AJ20 -> 0.67235078 | AE68: =AJ21 -> 0.18294603 | AF68: =AJ22 -> 0.045971734 | AG68: =AJ23 -> 0.12035984
C69: =Calculations_1!AW66 -> Set 5 24h | D69: =Calculations_1!BC66 -> 0.7164504 | U69: =Calculations_1!BI3 -> GFP 24h | V69: =AB19 -> 0.52371099 | W69: =AB20 -> 0.16684148 | X69: =AB21 -> 1.1604318 | Y69: =AB22 -> 2.1024135 | Z69: =AB23 -> 2.0210197 | AB69: =Calculations_1!BI3 -> GFP 24h | AC69: =AK19 -> 0.17788793 | AD69: =AK20 -> 0.063088649 | AE69: =AK21 -> 0.02597946 | AF69: =AK22 -> 0.084450381 | AG69: =AK23 -> 0.13014609
C70: =Calculations_1!AW69 -> Set 5 24h | D70: =Calculations_1!BC69 -> 0.571612
B71: =Calculations_1!BI3 -> GFP 24h | C71: =Calculations_1!BH63 -> GFP 24h | D71: =Calculations_1!BN63 -> 0.10088557 | E71: =AVERAGE(D71:D73) -> 0.16684148 | F71: =STDEV(D71:D73) -> 0.063088649
C72: =Calculations_1!BH66 -> GFP 24h | D72: =Calculations_1!BN66 -> 0.22660639
C73: =Calculations_1!BH69 -> GFP 24h | D73: =Calculations_1!BN69 -> 0.17303247
V74: =V63 & "-x" -> nsP3-x | W74: =V63 -> nsP3 | X74: =W63 & "-x" -> GFP-x | Y74: =W63 -> GFP | Z74: =X63 & "-x" -> RIG1-x | AA74: =X63 -> RIG1 | AB74: =Y63 & "-x" -> MDA5-x | AC74: =Y63 -> MDA5 | AD74: =Z63 & "-x" -> IFIT-x | AE74: =Z63 -> IFIT
U75: =Calculations_1!E3 -> WT 24h | V75: 0.666 | W75: =X29 -> 1.0649769 | X75: =V75+1 -> 1.666 | Y75: =X32 -> 1.056759 | Z75: =2+V75 -> 2.666 | AA75: =X35 -> 0.95915336 | AB75: =3+V75 -> 3.666 | AC75: =X38 -> 0.95731126 | AD75: =4+V75 -> 4.666 | AE75: =X41 -> 0.87671095
V76: =V75 -> 0.666 | W76: =X30 -> 1.02854 | X76: =V76+1 -> 1.666 | Y76: =X33 -> 1.0701737 | Z76: =2+V76 -> 2.666 | AA76: =X36 -> 1.0978688 | AB76: =3+V75 -> 3.666 | AC76: =X39 -> 1.2481682 | AD76: =4+V76 -> 4.666 | AE76: =X42 -> 1.1804251
V77: =V76 -> 0.666 | W77: =X31 -> 0.91293246 | X77: =1+V77 -> 1.666 | Y77: =X34 -> 0.8842392 | Z77: =2+V77 -> 2.666 | AA77: =X37 -> 0.9496455 | AB77: =3+V77 -> 3.666 | AC77: =X40 -> 0.83690029 | AD77: =4+V77 -> 4.666 | AE77: =X43 -> 0.96628477
U78: =Calculations_1!Q3 -> Set 1 24h | V78: 0.8 | W78: =Z29 -> 0.41645961 | X78: =1+V78 -> 1.8 | Y78: =Z32 -> 0.69367656 | Z78: =2+V78 -> 2.8 | AA78: =Z35 -> 0.17263369 | AB78: =3+V78 -> 3.8 | AC78: =Z38 -> 0.13073718 | AD78: =4+V78 -> 4.8 | AE78: =Z41 -> 0.22329541
V79: =V78 -> 0.8 | W79: =Z30 -> 0.22882517 | X79: =1+V79 -> 1.8 | Y79: =Z33 -> 0.27279708 | Z79: =2+V79 -> 2.8 | AA79: =Z36 -> 0.14579369 | AB79: =3+V79 -> 3.8 | AC79: =Z39 -> 0.12537895 | AD79: =4+V79 -> 4.8 | AE79: =Z42 -> 0.33749799
V80: =V78 -> 0.8 | W80: =Z31 -> 0.22624804 | X80: =1+V80 -> 1.8 | Y80: =Z34 -> 0.39217031 | Z80: =2+V80 -> 2.8 | AA80: =Z37 -> 0.18241802 | AB80: =3+V80 -> 3.8 | AC80: =Z40 -> 0.059698233 | AD80: =4+V80 -> 4.8 | AE80: =Z43 -> 0.17976462
U81: =Calculations_1!AB3 -> Set 2 24h | V81: 0.93 | W81: =AB29 -> 0.1818473 | X81: =1+V81 -> 1.93 | Y81: =AB32 -> 0.30950713 | Z81: =2+V81 -> 2.93 | AA81: =AB35 -> 0.20363481 | AB81: =3+V81 -> 3.93 | AC81: =AB38 -> 0.2773961 | AD81: =4+V81 -> 4.93 | AE81: =AB41 -> 0.50860097
V82: =V81 -> 0.93 | W82: =AB30 -> 0.28511557 | X82: =1+V82 -> 1.93 | Y82: =AB33 -> 0.32293026 | Z82: =2+V82 -> 2.93 | AA82: =AB36 -> 0.19652303 | AB82: =3+V82 -> 3.93 | AC82: =AB39 -> 0.33283429 | AD82: =4+V82 -> 4.93 | AE82: =AB42 -> 0.74603541
V83: =V81 -> 0.93 | W83: =AB31 -> 0.18354682 | X83: =1+V83 -> 1.93 | Y83: =AB34 -> 0.30863041 | Z83: =2+V83 -> 2.93 | AA83: =AB37 -> 0.22371693 | AB83: =3+V83 -> 3.93 | AC83: =AB40 -> 0.25252212 | AD83: =4+V83 -> 4.93 | AE83: =AB43 -> 0.56076161
U84: =Calculations_1!AM3 -> Set 4 24h | V84: 1.065 | W84: =AD29 -> 0.20897492 | X84: =1+V84 -> 2.065 | Y84: =AD32 -> 0.83292123 | Z84: =2+V84 -> 3.065 | AA84: =AD35 -> 0.15618701 | AB84: =3+V84 -> 4.065 | AC84: =AD38 -> 0.050831044 | AD84: =4+V84 -> 5.065 | AE84: =AD41 -> 0.43754655
V85: =V84 -> 1.065 | W85: =AD30 -> 0.19003516 | X85: =1+V85 -> 2.065 | Y85: =AD33 -> 0.86582335 | Z85: =2+V85 -> 3.065 | AA85: =AD36 -> 0.22540249 | AB85: =3+V85 -> 4.065 | AC85: =AD39 -> 0.027780139 | AD85: =4+V85 -> 5.065 | AE85: =AD42 -> 0.27684799
V86: =V84 -> 1.065 | W86: =AD31 -> 0.23706943 | X86: =1+V86 -> 2.065 | Y86: =AD34 -> 0.76086563 | Z86: =2+V86 -> 3.065 | AA86: =AD37 -> 0.157716 | AB86: =3+V86 -> 4.065 | AC86: =AD40 -> 0.032949011 | AD86: =4+V86 -> 5.065 | AE86: =AD43 -> 0.21684233
U87: =Calculations_1!AX3 -> Set 5 24h | V87: 1.2 | W87: =AF29 -> 0.73749427 | X87: =1+V87 -> 2.2 | Y87: =AF32 -> 1.8018019 | Z87: =2+V87 -> 3.2 | AA87: =AF35 -> 0.54603344 | AB87: =3+V87 -> 4.2 | AC87: =AF38 -> 0.10646656 | AD87: =4+V87 -> 5.2 | AE87: =AF41 -> 0.43458713
V88: =V87 -> 1.2 | W88: =AF30 -> 0.59975175 | X88: =1+V88 -> 2.2 | Y88: =AF33 -> 0.7164504 | Z88: =2+V88 -> 3.2 | AA88: =AF36 -> 0.21574294 | AB88: =3+V88 -> 4.2 | AC88: =AF39 -> 0.02690189 | AD88: =4+V88 -> 5.2 | AE88: =AF42 -> 0.2009293
V89: =V87 -> 1.2 | W89: =AF31 -> 0.41010839 | X89: =1+V89 -> 2.2 | Y89: =AF34 -> 0.571612 | Z89: =2+V89 -> 3.2 | AA89: =AF37 -> 0.2445471 | AB89: =3+V89 -> 4.2 | AC89: =AF40 -> 0.026780611 | AD89: =4+V89 -> 5.2 | AE89: =AF43 -> 0.26763347
U90: =Calculations_1!BI3 -> GFP 24h | V90: 1.335 | W90: =AH29 -> 0.35605176 | X90: =1+V90 -> 2.335 | Y90: =AH32 -> 0.10088557 | Z90: =2+V90 -> 3.335 | AA90: =AH35 -> 1.1544474 | AB90: =3+V90 -> 4.335 | AC90: =AH38 -> 2.0542703 | AD90: =4+V90 -> 5.335 | AE90: =AH41 -> 2.0745044
V91: =V90 -> 1.335 | W91: =AH30 -> 0.71031173 | X91: =1+V91 -> 2.335 | Y91: =AH33 -> 0.22660639 | Z91: =2+V91 -> 3.335 | AA91: =AH36 -> 1.1888813 | AB91: =3+V91 -> 4.335 | AC91: =AH39 -> 2.0530444 | AD91: =4+V91 -> 5.335 | AE91: =AH42 -> 2.115902
V92: =V90 -> 1.335 | W92: =AH31 -> 0.50476948 | X92: =1+V92 -> 2.335 | Y92: =AH34 -> 0.17303247 | Z92: =2+V92 -> 3.335 | AA92: =AH37 -> 1.1379668 | AB92: =3+V92 -> 4.335 | AC92: =AH40 -> 2.1999259 | AD92: =4+V92 -> 5.335 | AE92: =AH43 -> 1.8726528
C93: Gene 3
C94: =Calculations_1!B72 -> RIG1
C95: Sample | D95: 2-∆∆Cq | E95: Avg. 2-∆∆Cq | F95: Std. Dev 2-∆∆Cq | H95: =(B96) & "x" -> WT 24hx | I95: =B96 -> WT 24h | J95: =B99 & "x" -> Set 1 24hx | K95: =B99 -> Set 1 24h | L95: =B102 & "x" -> Set 2 24hx | M95: =B102 -> Set 2 24h | N95: =B105 & "x" -> Set 4 24hx | O95: =B105 -> Set 4 24h | P95: =B108 & "x" -> Set 5 24hx | Q95: =B108 -> Set 5 24h | R95: =B111 & "x" -> GFP 24hx | S95: =B111 -> GFP 24h
B96: =Calculations_1!E3 -> WT 24h | C96: =Calculations_1!D72 -> WT 24h | D96: =Calculations_1!K72 -> 0.95915336 | E96: =AVERAGE(D96:D98) -> 1.0022225 | F96: =STDEV(D96:D98) -> 0.082968366 | H96: 1.002 | I96: =D96 -> 0.95915336 | J96: 2.002 | K96: =D99 -> 0.17263369 | L96: 3.002 | M96: =D102 -> 0.20363481 | N96: 4.002 | O96: =D105 -> 0.15618701 | P96: 5.002 | Q96: =D108 -> 0.54603344 | R96: 6.002 | S96: =D111 -> 1.1544474
C97: =Calculations_1!D75 -> WT 24h | D97: =Calculations_1!K75 -> 1.0978688 | H97: 1.002 | I97: =D97 -> 1.0978688 | J97: 2.002 | K97: =D100 -> 0.14579369 | L97: 3.002 | M97: =D103 -> 0.19652303 | N97: 4.002 | O97: =D106 -> 0.22540249 | P97: 5.002 | Q97: =D109 -> 0.21574294 | R97: 6.002 | S97: =D112 -> 1.1888813
C98: =Calculations_1!D78 -> WT 24h | D98: =Calculations_1!K78 -> 0.9496455 | H98: 1.002 | I98: =D98 -> 0.9496455 | J98: 2.002 | K98: =D101 -> 0.18241802 | L98: 3.002 | M98: =D104 -> 0.22371693 | N98: 4.002 | O98: =D107 -> 0.157716 | P98: 5.002 | Q98: =D110 -> 0.2445471 | R98: 6.002 | S98: =D113 -> 1.1379668
B99: =Calculations_1!Q3 -> Set 1 24h | C99: =Calculations_1!P72 -> Set 1 24h | D99: =Calculations_1!V72 -> 0.17263369 | E99: =AVERAGE(D99:D101) -> 0.16694847 | F99: =STDEV(D99:D101) -> 0.018962508
C100: =Calculations_1!P75 -> Set 1 24h | D100: =Calculations_1!V75 -> 0.14579369 | I100: =B96 -> WT 24h | J100: =B99 -> Set 1 24h | K100: =B102 -> Set 2 24h | L100: =B105 -> Set 4 24h | M100: =B108 -> Set 5 24h | N100: =B111 -> GFP 24h
C101: =Calculations_1!P78 -> Set 1 24h | D101: =Calculations_1!V78 -> 0.18241802 | H101: Avg. 2-∆∆Cq | I101: =E96 -> 1.0022225 | J101: =E99 -> 0.16694847 | K101: =E102 -> 0.20795825 | L101: =E105 -> 0.1797685 | M101: =E108 -> 0.33544116 | N101: =E111 -> 1.1604318
B102: =Calculations_1!AB3 -> Set 2 24h | C102: =Calculations_1!AA72 -> Set 2 24h | D102: =Calculations_1!AG72 -> 0.20363481 | E102: =AVERAGE(D102:D104) -> 0.20795825 | F102: =STDEV(D102:D104) -> 0.014103058 | H102: Std. Dev 2-∆∆Cq | I102: =F96 -> 0.082968366 | J102: =F99 -> 0.018962508 | K102: =F102 -> 0.014103058 | L102: =F105 -> 0.039527591 | M102: =F108 -> 0.18294603 | N102: =F111 -> 0.02597946
C103: =Calculations_1!AA75 -> Set 2 24h | D103: =Calculations_1!AG75 -> 0.19652303
C104: =Calculations_1!AA78 -> Set 2 24h | D104: =Calculations_1!AG78 -> 0.22371693
B105: =Calculations_1!AM3 -> Set 4 24h | C105: =Calculations_1!AL72 -> Set 4 24h | D105: =Calculations_1!AR72 -> 0.15618701 | E105: =AVERAGE(D105:D107) -> 0.1797685 | F105: =STDEV(D105:D107) -> 0.039527591
C106: =Calculations_1!AL75 -> Set 4 24h | D106: =Calculations_1!AR75 -> 0.22540249
C107: =Calculations_1!AL78 -> Set 4 24h | D107: =Calculations_1!AR78 -> 0.157716
B108: =Calculations_1!AX3 -> Set 5 24h | C108: =Calculations_1!AW72 -> Set 5 24h | D108: =Calculations_1!BC72 -> 0.54603344 | E108: =AVERAGE(D108:D110) -> 0.33544116 | F108: =STDEV(D108:D110) -> 0.18294603
C109: =Calculations_1!AW75 -> Set 5 24h | D109: =Calculations_1!BC75 -> 0.21574294
C110: =Calculations_1!AW78 -> Set 5 24h | D110: =Calculations_1!BC78 -> 0.2445471
B111: =Calculations_1!BI3 -> GFP 24h | C111: =Calculations_1!BH72 -> GFP 24h | D111: =Calculations_1!BN72 -> 1.1544474 | E111: =AVERAGE(D111:D113) -> 1.1604318 | F111: =STDEV(D111:D113) -> 0.02597946
C112: =Calculations_1!BH75 -> GFP 24h | D112: =Calculations_1!BN75 -> 1.1888813
C113: =Calculations_1!BH78 -> GFP 24h | D113: =Calculations_1!BN78 -> 1.1379668
C133: Gene 4
C134: =Calculations_1!B81 -> MDA5
C135: Sample | D135: 2-∆∆Cq | E135: Avg. 2-∆∆Cq | F135: Std. Dev 2-∆∆Cq | H135: =(B136) & "x" -> WT 24hx | I135: =B136 -> WT 24h | J135: =B139 & "x" -> Set 1 24hx | K135: =B139 -> Set 1 24h | L135: =B142 & "x" -> Set 2 24hx | M135: =B142 -> Set 2 24h | N135: =B145 & "x" -> Set 4 24hx | O135: =B145 -> Set 4 24h | P135: =B148 & "x" -> Set 5 24hx | Q135: =B148 -> Set 5 24h | R135: =B151 & "x" -> GFP 24hx | S135: =B151 -> GFP 24h
B136: =Calculations_1!E3 -> WT 24h | C136: =Calculations_1!D81 -> WT 24h | D136: =Calculations_1!K81 -> 0.95731126 | E136: =AVERAGE(D136:D138) -> 1.0141266 | F136: =STDEV(D136:D138) -> 0.21143867 | H136: 1.002 | I136: =D136 -> 0.95731126 | J136: 2.002 | K136: =D139 -> 0.13073718 | L136: 3.002 | M136: =D142 -> 0.2773961 | N136: 4.002 | O136: =D145 -> 0.050831044 | P136: 5.002 | Q136: =D148 -> 0.10646656 | R136: 6.002 | S136: =D151 -> 2.0542703
C137: =Calculations_1!D84 -> WT 24h | D137: =Calculations_1!K84 -> 1.2481682 | H137: 1.002 | I137: =D137 -> 1.2481682 | J137: 2.002 | K137: =D140 -> 0.12537895 | L137: 3.002 | M137: =D143 -> 0.33283429 | N137: 4.002 | O137: =D146 -> 0.027780139 | P137: 5.002 | Q137: =D149 -> 0.02690189 | R137: 6.002 | S137: =D152 -> 2.0530444
C138: =Calculations_1!D87 -> WT 24h | D138: =Calculations_1!K87 -> 0.83690029 | H138: 1.002 | I138: =D138 -> 0.83690029 | J138: 2.002 | K138: =D141 -> 0.059698233 | L138: 3.002 | M138: =D144 -> 0.25252212 | N138: 4.002 | O138: =D147 -> 0.032949011 | P138: 5.002 | Q138: =D150 -> 0.026780611 | R138: 6.002 | S138: =D153 -> 2.1999259
B139: =Calculations_1!Q3 -> Set 1 24h | C139: =Calculations_1!P81 -> Set 1 24h | D139: =Calculations_1!V81 -> 0.13073718 | E139: =AVERAGE(D139:D141) -> 0.10527146 | F139: =STDEV(D139:D141) -> 0.039558395
...
